file,line,type,commit,author,date,time,timezone,datetime,depth,length
style.css,1,css,e41f81a8,ProXenon,2025-01-24,10:44:39,-08:00,2025-01-24T10:44:39-08:00,0,1
style.css,2,css,e41f81a8,ProXenon,2025-01-24,10:44:39,-08:00,2025-01-24T10:44:39-08:00,0,9
style.css,3,css,e41f81a8,ProXenon,2025-01-24,10:44:39,-08:00,2025-01-24T10:44:39-08:00,0,9
style.css,4,css,e41f81a8,ProXenon,2025-01-24,10:44:39,-08:00,2025-01-24T10:44:39-08:00,0,22
style.css,5,css,e41f81a8,ProXenon,2025-01-24,10:44:39,-08:00,2025-01-24T10:44:39-08:00,0,9
style.css,6,css,e41f81a8,ProXenon,2025-01-24,10:44:39,-08:00,2025-01-24T10:44:39-08:00,0,10
style.css,7,css,e41f81a8,ProXenon,2025-01-24,10:44:39,-08:00,2025-01-24T10:44:39-08:00,0,0
style.css,8,css,d35c6f8d,ProXenon,2025-01-17,09:21:37,-08:00,2025-01-17T09:21:37-08:00,0,0
style.css,9,css,e41f81a8,ProXenon,2025-01-24,10:44:39,-08:00,2025-01-24T10:44:39-08:00,0,5
style.css,10,css,e41f81a8,ProXenon,2025-01-24,10:44:39,-08:00,2025-01-24T10:44:39-08:00,0,36
style.css,11,css,e41f81a8,ProXenon,2025-01-24,10:44:39,-08:00,2025-01-24T10:44:39-08:00,0,24
style.css,12,css,e41f81a8,ProXenon,2025-01-24,10:44:39,-08:00,2025-01-24T10:44:39-08:00,0,17
style.css,13,css,e41f81a8,ProXenon,2025-01-24,10:44:39,-08:00,2025-01-24T10:44:39-08:00,0,15
style.css,14,css,e41f81a8,ProXenon,2025-01-24,10:44:39,-08:00,2025-01-24T10:44:39-08:00,0,42
style.css,15,css,e41f81a8,ProXenon,2025-01-24,10:44:39,-08:00,2025-01-24T10:44:39-08:00,0,19
style.css,16,css,e41f81a8,ProXenon,2025-01-24,10:44:39,-08:00,2025-01-24T10:44:39-08:00,0,0
style.css,17,css,e41f81a8,ProXenon,2025-01-24,10:44:39,-08:00,2025-01-24T10:44:39-08:00,0,0
style.css,18,css,e41f81a8,ProXenon,2025-01-24,10:44:39,-08:00,2025-01-24T10:44:39-08:00,0,6
style.css,19,css,e41f81a8,ProXenon,2025-01-24,10:44:39,-08:00,2025-01-24T10:44:39-08:00,0,35
style.css,20,css,e41f81a8,ProXenon,2025-01-24,10:44:39,-08:00,2025-01-24T10:44:39-08:00,0,34
style.css,21,css,e41f81a8,ProXenon,2025-01-24,10:44:39,-08:00,2025-01-24T10:44:39-08:00,0,30
style.css,22,css,e41f81a8,ProXenon,2025-01-24,10:44:39,-08:00,2025-01-24T10:44:39-08:00,0,32
style.css,23,css,e41f81a8,ProXenon,2025-01-24,10:44:39,-08:00,2025-01-24T10:44:39-08:00,0,34
style.css,24,css,e41f81a8,ProXenon,2025-01-24,10:44:39,-08:00,2025-01-24T10:44:39-08:00,0,0
style.css,25,css,e41f81a8,ProXenon,2025-01-24,10:44:39,-08:00,2025-01-24T10:44:39-08:00,0,0
style.css,26,css,e41f81a8,ProXenon,2025-01-24,10:44:39,-08:00,2025-01-24T10:44:39-08:00,0,5
style.css,27,css,e41f81a8,ProXenon,2025-01-24,10:44:39,-08:00,2025-01-24T10:44:39-08:00,0,24
style.css,28,css,e41f81a8,ProXenon,2025-01-24,10:44:39,-08:00,2025-01-24T10:44:39-08:00,0,33
style.css,29,css,e41f81a8,ProXenon,2025-01-24,10:44:39,-08:00,2025-01-24T10:44:39-08:00,0,0
style.css,30,css,e41f81a8,ProXenon,2025-01-24,10:44:39,-08:00,2025-01-24T10:44:39-08:00,0,0
style.css,31,css,219133e1,ProXenon,2025-02-07,22:17:25,-08:00,2025-02-07T22:17:25-08:00,0,13
style.css,32,css,e41f81a8,ProXenon,2025-01-24,10:44:39,-08:00,2025-01-24T10:44:39-08:00,0,23
style.css,33,css,e41f81a8,ProXenon,2025-01-24,10:44:39,-08:00,2025-01-24T10:44:39-08:00,0,16
style.css,34,css,e41f81a8,ProXenon,2025-01-24,10:44:39,-08:00,2025-01-24T10:44:39-08:00,0,18
style.css,35,css,4fe0f48e,ProXenon,2025-01-25,21:08:51,-08:00,2025-01-25T21:08:51-08:00,0,17
style.css,36,css,e41f81a8,ProXenon,2025-01-24,10:44:39,-08:00,2025-01-24T10:44:39-08:00,0,0
style.css,37,css,e41f81a8,ProXenon,2025-01-24,10:44:39,-08:00,2025-01-24T10:44:39-08:00,0,3
style.css,38,css,e41f81a8,ProXenon,2025-01-24,10:44:39,-08:00,2025-01-24T10:44:39-08:00,0,15
style.css,39,css,e41f81a8,ProXenon,2025-01-24,10:44:39,-08:00,2025-01-24T10:44:39-08:00,0,20
style.css,40,css,e41f81a8,ProXenon,2025-01-24,10:44:39,-08:00,2025-01-24T10:44:39-08:00,0,0
style.css,41,css,e41f81a8,ProXenon,2025-01-24,10:44:39,-08:00,2025-01-24T10:44:39-08:00,0,3
style.css,42,css,e41f81a8,ProXenon,2025-01-24,10:44:39,-08:00,2025-01-24T10:44:39-08:00,0,17
style.css,43,css,e41f81a8,ProXenon,2025-01-24,10:44:39,-08:00,2025-01-24T10:44:39-08:00,0,20
style.css,44,css,e41f81a8,ProXenon,2025-01-24,10:44:39,-08:00,2025-01-24T10:44:39-08:00,0,0
style.css,45,css,e41f81a8,ProXenon,2025-01-24,10:44:39,-08:00,2025-01-24T10:44:39-08:00,0,3
style.css,46,css,e41f81a8,ProXenon,2025-01-24,10:44:39,-08:00,2025-01-24T10:44:39-08:00,0,17
style.css,47,css,e41f81a8,ProXenon,2025-01-24,10:44:39,-08:00,2025-01-24T10:44:39-08:00,0,21
style.css,48,css,e41f81a8,ProXenon,2025-01-24,10:44:39,-08:00,2025-01-24T10:44:39-08:00,0,0
style.css,49,css,e41f81a8,ProXenon,2025-01-24,10:44:39,-08:00,2025-01-24T10:44:39-08:00,0,0
style.css,50,css,e41f81a8,ProXenon,2025-01-24,10:44:39,-08:00,2025-01-24T10:44:39-08:00,0,2
style.css,51,css,e41f81a8,ProXenon,2025-01-24,10:44:39,-08:00,2025-01-24T10:44:39-08:00,0,20
style.css,52,css,e41f81a8,ProXenon,2025-01-24,10:44:39,-08:00,2025-01-24T10:44:39-08:00,0,0
style.css,53,css,e41f81a8,ProXenon,2025-01-24,10:44:39,-08:00,2025-01-24T10:44:39-08:00,0,0
style.css,54,css,e41f81a8,ProXenon,2025-01-24,10:44:39,-08:00,2025-01-24T10:44:39-08:00,0,3
style.css,55,css,e41f81a8,ProXenon,2025-01-24,10:44:39,-08:00,2025-01-24T10:44:39-08:00,0,12
style.css,56,css,e41f81a8,ProXenon,2025-01-24,10:44:39,-08:00,2025-01-24T10:44:39-08:00,0,11
style.css,57,css,e41f81a8,ProXenon,2025-01-24,10:44:39,-08:00,2025-01-24T10:44:39-08:00,0,37
style.css,58,css,e41f81a8,ProXenon,2025-01-24,10:44:39,-08:00,2025-01-24T10:44:39-08:00,0,19
style.css,59,css,e41f81a8,ProXenon,2025-01-24,10:44:39,-08:00,2025-01-24T10:44:39-08:00,0,0
style.css,60,css,e41f81a8,ProXenon,2025-01-24,10:44:39,-08:00,2025-01-24T10:44:39-08:00,0,0
style.css,61,css,e41f81a8,ProXenon,2025-01-24,10:44:39,-08:00,2025-01-24T10:44:39-08:00,0,4
style.css,62,css,e41f81a8,ProXenon,2025-01-24,10:44:39,-08:00,2025-01-24T10:44:39-08:00,0,40
style.css,63,css,e41f81a8,ProXenon,2025-01-24,10:44:39,-08:00,2025-01-24T10:44:39-08:00,0,13
style.css,64,css,e41f81a8,ProXenon,2025-01-24,10:44:39,-08:00,2025-01-24T10:44:39-08:00,0,44
style.css,65,css,e41f81a8,ProXenon,2025-01-24,10:44:39,-08:00,2025-01-24T10:44:39-08:00,0,18
style.css,66,css,e41f81a8,ProXenon,2025-01-24,10:44:39,-08:00,2025-01-24T10:44:39-08:00,0,0
style.css,67,css,e41f81a8,ProXenon,2025-01-24,10:44:39,-08:00,2025-01-24T10:44:39-08:00,0,6
style.css,68,css,e41f81a8,ProXenon,2025-01-24,10:44:39,-08:00,2025-01-24T10:44:39-08:00,0,10
style.css,69,css,e41f81a8,ProXenon,2025-01-24,10:44:39,-08:00,2025-01-24T10:44:39-08:00,0,17
style.css,70,css,e41f81a8,ProXenon,2025-01-24,10:44:39,-08:00,2025-01-24T10:44:39-08:00,0,0
style.css,71,css,e41f81a8,ProXenon,2025-01-24,10:44:39,-08:00,2025-01-24T10:44:39-08:00,0,6
style.css,72,css,e41f81a8,ProXenon,2025-01-24,10:44:39,-08:00,2025-01-24T10:44:39-08:00,0,7
style.css,73,css,e41f81a8,ProXenon,2025-01-24,10:44:39,-08:00,2025-01-24T10:44:39-08:00,0,18
style.css,74,css,e41f81a8,ProXenon,2025-01-24,10:44:39,-08:00,2025-01-24T10:44:39-08:00,0,21
style.css,75,css,e41f81a8,ProXenon,2025-01-24,10:44:39,-08:00,2025-01-24T10:44:39-08:00,0,14
style.css,76,css,e41f81a8,ProXenon,2025-01-24,10:44:39,-08:00,2025-01-24T10:44:39-08:00,0,14
style.css,77,css,e41f81a8,ProXenon,2025-01-24,10:44:39,-08:00,2025-01-24T10:44:39-08:00,0,0
style.css,78,css,e41f81a8,ProXenon,2025-01-24,10:44:39,-08:00,2025-01-24T10:44:39-08:00,0,14
style.css,79,css,e41f81a8,ProXenon,2025-01-24,10:44:39,-08:00,2025-01-24T10:44:39-08:00,0,46
style.css,80,css,e41f81a8,ProXenon,2025-01-24,10:44:39,-08:00,2025-01-24T10:44:39-08:00,0,35
style.css,81,css,e41f81a8,ProXenon,2025-01-24,10:44:39,-08:00,2025-01-24T10:44:39-08:00,0,0
style.css,82,css,e41f81a8,ProXenon,2025-01-24,10:44:39,-08:00,2025-01-24T10:44:39-08:00,0,26
style.css,83,css,17d46f8e,ProXenon,2025-01-24,15:03:20,-08:00,2025-01-24T15:03:20-08:00,0,68
style.css,84,css,e41f81a8,ProXenon,2025-01-24,10:44:39,-08:00,2025-01-24T10:44:39-08:00,0,0
style.css,85,css,e41f81a8,ProXenon,2025-01-24,10:44:39,-08:00,2025-01-24T10:44:39-08:00,0,0
style.css,86,css,219133e1,ProXenon,2025-02-07,22:17:25,-08:00,2025-02-07T22:17:25-08:00,0,55
style.css,87,css,e41f81a8,ProXenon,2025-01-24,10:44:39,-08:00,2025-01-24T10:44:39-08:00,0,15
style.css,88,css,e41f81a8,ProXenon,2025-01-24,10:44:39,-08:00,2025-01-24T10:44:39-08:00,0,18
style.css,89,css,e41f81a8,ProXenon,2025-01-24,10:44:39,-08:00,2025-01-24T10:44:39-08:00,0,21
style.css,90,css,e41f81a8,ProXenon,2025-01-24,10:44:39,-08:00,2025-01-24T10:44:39-08:00,0,0
style.css,91,css,e41f81a8,ProXenon,2025-01-24,10:44:39,-08:00,2025-01-24T10:44:39-08:00,0,18
style.css,92,css,e41f81a8,ProXenon,2025-01-24,10:44:39,-08:00,2025-01-24T10:44:39-08:00,0,21
style.css,93,css,e41f81a8,ProXenon,2025-01-24,10:44:39,-08:00,2025-01-24T10:44:39-08:00,0,0
style.css,94,css,e41f81a8,ProXenon,2025-01-24,10:44:39,-08:00,2025-01-24T10:44:39-08:00,0,26
style.css,95,css,e41f81a8,ProXenon,2025-01-24,10:44:39,-08:00,2025-01-24T10:44:39-08:00,0,17
style.css,96,css,e41f81a8,ProXenon,2025-01-24,10:44:39,-08:00,2025-01-24T10:44:39-08:00,0,26
style.css,97,css,e41f81a8,ProXenon,2025-01-24,10:44:39,-08:00,2025-01-24T10:44:39-08:00,0,20
style.css,98,css,e41f81a8,ProXenon,2025-01-24,10:44:39,-08:00,2025-01-24T10:44:39-08:00,0,0
style.css,99,css,e41f81a8,ProXenon,2025-01-24,10:44:39,-08:00,2025-01-24T10:44:39-08:00,0,29
style.css,100,css,e41f81a8,ProXenon,2025-01-24,10:44:39,-08:00,2025-01-24T10:44:39-08:00,0,17
style.css,101,css,e41f81a8,ProXenon,2025-01-24,10:44:39,-08:00,2025-01-24T10:44:39-08:00,0,17
style.css,102,css,e41f81a8,ProXenon,2025-01-24,10:44:39,-08:00,2025-01-24T10:44:39-08:00,0,0
style.css,103,css,e41f81a8,ProXenon,2025-01-24,10:44:39,-08:00,2025-01-24T10:44:39-08:00,0,16
style.css,104,css,e41f81a8,ProXenon,2025-01-24,10:44:39,-08:00,2025-01-24T10:44:39-08:00,0,13
style.css,105,css,e41f81a8,ProXenon,2025-01-24,10:44:39,-08:00,2025-01-24T10:44:39-08:00,0,26
style.css,106,css,e41f81a8,ProXenon,2025-01-24,10:44:39,-08:00,2025-01-24T10:44:39-08:00,0,9
style.css,107,css,e41f81a8,ProXenon,2025-01-24,10:44:39,-08:00,2025-01-24T10:44:39-08:00,0,0
style.css,108,css,e41f81a8,ProXenon,2025-01-24,10:44:39,-08:00,2025-01-24T10:44:39-08:00,0,26
style.css,109,css,e41f81a8,ProXenon,2025-01-24,10:44:39,-08:00,2025-01-24T10:44:39-08:00,0,16
style.css,110,css,e41f81a8,ProXenon,2025-01-24,10:44:39,-08:00,2025-01-24T10:44:39-08:00,0,30
style.css,111,css,e41f81a8,ProXenon,2025-01-24,10:44:39,-08:00,2025-01-24T10:44:39-08:00,0,0
style.css,112,css,e41f81a8,ProXenon,2025-01-24,10:44:39,-08:00,2025-01-24T10:44:39-08:00,0,0
style.css,113,css,e41f81a8,ProXenon,2025-01-24,10:44:39,-08:00,2025-01-24T10:44:39-08:00,0,16
style.css,114,css,e41f81a8,ProXenon,2025-01-24,10:44:39,-08:00,2025-01-24T10:44:39-08:00,0,74
style.css,115,css,e41f81a8,ProXenon,2025-01-24,10:44:39,-08:00,2025-01-24T10:44:39-08:00,0,13
style.css,116,css,e41f81a8,ProXenon,2025-01-24,10:44:39,-08:00,2025-01-24T10:44:39-08:00,0,21
style.css,117,css,4fe0f48e,ProXenon,2025-01-25,21:08:51,-08:00,2025-01-25T21:08:51-08:00,0,17
style.css,118,css,e41f81a8,ProXenon,2025-01-24,10:44:39,-08:00,2025-01-24T10:44:39-08:00,0,0
style.css,119,css,e41f81a8,ProXenon,2025-01-24,10:44:39,-08:00,2025-01-24T10:44:39-08:00,0,13
style.css,120,css,e41f81a8,ProXenon,2025-01-24,10:44:39,-08:00,2025-01-24T10:44:39-08:00,0,16
style.css,121,css,e41f81a8,ProXenon,2025-01-24,10:44:39,-08:00,2025-01-24T10:44:39-08:00,0,16
style.css,122,css,e41f81a8,ProXenon,2025-01-24,10:44:39,-08:00,2025-01-24T10:44:39-08:00,0,0
style.css,123,css,e41f81a8,ProXenon,2025-01-24,10:44:39,-08:00,2025-01-24T10:44:39-08:00,0,16
style.css,124,css,e41f81a8,ProXenon,2025-01-24,10:44:39,-08:00,2025-01-24T10:44:39-08:00,0,68
style.css,125,css,e41f81a8,ProXenon,2025-01-24,10:44:39,-08:00,2025-01-24T10:44:39-08:00,0,17
style.css,126,css,e41f81a8,ProXenon,2025-01-24,10:44:39,-08:00,2025-01-24T10:44:39-08:00,0,19
style.css,127,css,e41f81a8,ProXenon,2025-01-24,10:44:39,-08:00,2025-01-24T10:44:39-08:00,0,20
style.css,128,css,e41f81a8,ProXenon,2025-01-24,10:44:39,-08:00,2025-01-24T10:44:39-08:00,0,21
style.css,129,css,e41f81a8,ProXenon,2025-01-24,10:44:39,-08:00,2025-01-24T10:44:39-08:00,0,21
style.css,130,css,e41f81a8,ProXenon,2025-01-24,10:44:39,-08:00,2025-01-24T10:44:39-08:00,0,24
style.css,131,css,e41f81a8,ProXenon,2025-01-24,10:44:39,-08:00,2025-01-24T10:44:39-08:00,0,18
style.css,132,css,e41f81a8,ProXenon,2025-01-24,10:44:39,-08:00,2025-01-24T10:44:39-08:00,0,0
style.css,133,css,e41f81a8,ProXenon,2025-01-24,10:44:39,-08:00,2025-01-24T10:44:39-08:00,0,13
style.css,134,css,e41f81a8,ProXenon,2025-01-24,10:44:39,-08:00,2025-01-24T10:44:39-08:00,0,13
style.css,135,css,e41f81a8,ProXenon,2025-01-24,10:44:39,-08:00,2025-01-24T10:44:39-08:00,0,24
style.css,136,css,e41f81a8,ProXenon,2025-01-24,10:44:39,-08:00,2025-01-24T10:44:39-08:00,0,17
style.css,137,css,e41f81a8,ProXenon,2025-01-24,10:44:39,-08:00,2025-01-24T10:44:39-08:00,0,0
style.css,138,css,e41f81a8,ProXenon,2025-01-24,10:44:39,-08:00,2025-01-24T10:44:39-08:00,0,16
style.css,139,css,e41f81a8,ProXenon,2025-01-24,10:44:39,-08:00,2025-01-24T10:44:39-08:00,0,19
style.css,140,css,e41f81a8,ProXenon,2025-01-24,10:44:39,-08:00,2025-01-24T10:44:39-08:00,0,0
style.css,141,css,e41f81a8,ProXenon,2025-01-24,10:44:39,-08:00,2025-01-24T10:44:39-08:00,0,19
style.css,142,css,e41f81a8,ProXenon,2025-01-24,10:44:39,-08:00,2025-01-24T10:44:39-08:00,0,44
style.css,143,css,e41f81a8,ProXenon,2025-01-24,10:44:39,-08:00,2025-01-24T10:44:39-08:00,0,22
style.css,144,css,e41f81a8,ProXenon,2025-01-24,10:44:39,-08:00,2025-01-24T10:44:39-08:00,0,21
style.css,145,css,e41f81a8,ProXenon,2025-01-24,10:44:39,-08:00,2025-01-24T10:44:39-08:00,0,0
style.css,146,css,e41f81a8,ProXenon,2025-01-24,10:44:39,-08:00,2025-01-24T10:44:39-08:00,0,5
style.css,147,css,e41f81a8,ProXenon,2025-01-24,10:44:39,-08:00,2025-01-24T10:44:39-08:00,0,19
style.css,148,css,e41f81a8,ProXenon,2025-01-24,10:44:39,-08:00,2025-01-24T10:44:39-08:00,0,0
style.css,149,css,e41f81a8,ProXenon,2025-01-24,10:44:39,-08:00,2025-01-24T10:44:39-08:00,0,16
style.css,150,css,e41f81a8,ProXenon,2025-01-24,10:44:39,-08:00,2025-01-24T10:44:39-08:00,0,16
style.css,151,css,e41f81a8,ProXenon,2025-01-24,10:44:39,-08:00,2025-01-24T10:44:39-08:00,0,26
style.css,152,css,e41f81a8,ProXenon,2025-01-24,10:44:39,-08:00,2025-01-24T10:44:39-08:00,0,21
style.css,153,css,e41f81a8,ProXenon,2025-01-24,10:44:39,-08:00,2025-01-24T10:44:39-08:00,0,0
style.css,154,css,e41f81a8,ProXenon,2025-01-24,10:44:39,-08:00,2025-01-24T10:44:39-08:00,0,16
style.css,155,css,e41f81a8,ProXenon,2025-01-24,10:44:39,-08:00,2025-01-24T10:44:39-08:00,0,17
style.css,156,css,e41f81a8,ProXenon,2025-01-24,10:44:39,-08:00,2025-01-24T10:44:39-08:00,0,17
style.css,157,css,e41f81a8,ProXenon,2025-01-24,10:44:39,-08:00,2025-01-24T10:44:39-08:00,0,20
style.css,158,css,e41f81a8,ProXenon,2025-01-24,10:44:39,-08:00,2025-01-24T10:44:39-08:00,0,0
style.css,159,css,e41f81a8,ProXenon,2025-01-24,10:44:39,-08:00,2025-01-24T10:44:39-08:00,0,8
style.css,160,css,e41f81a8,ProXenon,2025-01-24,10:44:39,-08:00,2025-01-24T10:44:39-08:00,0,16
style.css,161,css,e41f81a8,ProXenon,2025-01-24,10:44:39,-08:00,2025-01-24T10:44:39-08:00,0,18
style.css,162,css,e41f81a8,ProXenon,2025-01-24,10:44:39,-08:00,2025-01-24T10:44:39-08:00,0,17
style.css,163,css,e41f81a8,ProXenon,2025-01-24,10:44:39,-08:00,2025-01-24T10:44:39-08:00,0,0
style.css,164,css,e41f81a8,ProXenon,2025-01-24,10:44:39,-08:00,2025-01-24T10:44:39-08:00,0,11
style.css,165,css,e41f81a8,ProXenon,2025-01-24,10:44:39,-08:00,2025-01-24T10:44:39-08:00,0,20
style.css,166,css,e41f81a8,ProXenon,2025-01-24,10:44:39,-08:00,2025-01-24T10:44:39-08:00,0,0
style.css,167,css,e41f81a8,ProXenon,2025-01-24,10:44:39,-08:00,2025-01-24T10:44:39-08:00,0,5
style.css,168,css,e41f81a8,ProXenon,2025-01-24,10:44:39,-08:00,2025-01-24T10:44:39-08:00,0,21
style.css,169,css,e41f81a8,ProXenon,2025-01-24,10:44:39,-08:00,2025-01-24T10:44:39-08:00,0,18
style.css,170,css,e41f81a8,ProXenon,2025-01-24,10:44:39,-08:00,2025-01-24T10:44:39-08:00,0,37
style.css,171,css,e41f81a8,ProXenon,2025-01-24,10:44:39,-08:00,2025-01-24T10:44:39-08:00,0,12
style.css,172,css,e41f81a8,ProXenon,2025-01-24,10:44:39,-08:00,2025-01-24T10:44:39-08:00,0,21
style.css,173,css,e41f81a8,ProXenon,2025-01-24,10:44:39,-08:00,2025-01-24T10:44:39-08:00,0,21
style.css,174,css,e41f81a8,ProXenon,2025-01-24,10:44:39,-08:00,2025-01-24T10:44:39-08:00,0,16
style.css,175,css,e41f81a8,ProXenon,2025-01-24,10:44:39,-08:00,2025-01-24T10:44:39-08:00,0,33
style.css,176,css,e41f81a8,ProXenon,2025-01-24,10:44:39,-08:00,2025-01-24T10:44:39-08:00,0,0
style.css,177,css,e41f81a8,ProXenon,2025-01-24,10:44:39,-08:00,2025-01-24T10:44:39-08:00,0,11
style.css,178,css,e41f81a8,ProXenon,2025-01-24,10:44:39,-08:00,2025-01-24T10:44:39-08:00,0,36
style.css,179,css,e41f81a8,ProXenon,2025-01-24,10:44:39,-08:00,2025-01-24T10:44:39-08:00,0,15
style.css,180,css,e41f81a8,ProXenon,2025-01-24,10:44:39,-08:00,2025-01-24T10:44:39-08:00,0,0
style.css,181,css,e41f81a8,ProXenon,2025-01-24,10:44:39,-08:00,2025-01-24T10:44:39-08:00,0,5
style.css,182,css,e41f81a8,ProXenon,2025-01-24,10:44:39,-08:00,2025-01-24T10:44:39-08:00,0,13
style.css,183,css,e41f81a8,ProXenon,2025-01-24,10:44:39,-08:00,2025-01-24T10:44:39-08:00,0,31
style.css,184,css,e41f81a8,ProXenon,2025-01-24,10:44:39,-08:00,2025-01-24T10:44:39-08:00,0,8
style.css,185,css,e41f81a8,ProXenon,2025-01-24,10:44:39,-08:00,2025-01-24T10:44:39-08:00,0,0
style.css,186,css,e41f81a8,ProXenon,2025-01-24,10:44:39,-08:00,2025-01-24T10:44:39-08:00,0,10
style.css,187,css,e41f81a8,ProXenon,2025-01-24,10:44:39,-08:00,2025-01-24T10:44:39-08:00,0,13
style.css,188,css,e41f81a8,ProXenon,2025-01-24,10:44:39,-08:00,2025-01-24T10:44:39-08:00,0,12
style.css,189,css,e41f81a8,ProXenon,2025-01-24,10:44:39,-08:00,2025-01-24T10:44:39-08:00,0,11
style.css,190,css,e41f81a8,ProXenon,2025-01-24,10:44:39,-08:00,2025-01-24T10:44:39-08:00,0,22
style.css,191,css,e41f81a8,ProXenon,2025-01-24,10:44:39,-08:00,2025-01-24T10:44:39-08:00,0,0
style.css,192,css,e41f81a8,ProXenon,2025-01-24,10:44:39,-08:00,2025-01-24T10:44:39-08:00,0,11
style.css,193,css,e41f81a8,ProXenon,2025-01-24,10:44:39,-08:00,2025-01-24T10:44:39-08:00,0,13
style.css,194,css,e41f81a8,ProXenon,2025-01-24,10:44:39,-08:00,2025-01-24T10:44:39-08:00,0,30
style.css,195,css,e41f81a8,ProXenon,2025-01-24,10:44:39,-08:00,2025-01-24T10:44:39-08:00,0,19
style.css,196,css,e41f81a8,ProXenon,2025-01-24,10:44:39,-08:00,2025-01-24T10:44:39-08:00,0,0
style.css,197,css,e41f81a8,ProXenon,2025-01-24,10:44:39,-08:00,2025-01-24T10:44:39-08:00,0,12
style.css,198,css,e41f81a8,ProXenon,2025-01-24,10:44:39,-08:00,2025-01-24T10:44:39-08:00,0,19
style.css,199,css,e41f81a8,ProXenon,2025-01-24,10:44:39,-08:00,2025-01-24T10:44:39-08:00,0,0
style.css,200,css,e41f81a8,ProXenon,2025-01-24,10:44:39,-08:00,2025-01-24T10:44:39-08:00,0,14
style.css,201,css,e41f81a8,ProXenon,2025-01-24,10:44:39,-08:00,2025-01-24T10:44:39-08:00,0,18
style.css,202,css,e41f81a8,ProXenon,2025-01-24,10:44:39,-08:00,2025-01-24T10:44:39-08:00,0,9
style.css,203,css,e41f81a8,ProXenon,2025-01-24,10:44:39,-08:00,2025-01-24T10:44:39-08:00,0,11
style.css,204,css,e41f81a8,ProXenon,2025-01-24,10:44:39,-08:00,2025-01-24T10:44:39-08:00,0,14
style.css,205,css,e41f81a8,ProXenon,2025-01-24,10:44:39,-08:00,2025-01-24T10:44:39-08:00,0,20
style.css,206,css,e41f81a8,ProXenon,2025-01-24,10:44:39,-08:00,2025-01-24T10:44:39-08:00,0,0
style.css,207,css,b4e1e110,ProXenon,2025-02-01,21:20:54,-08:00,2025-02-01T21:20:54-08:00,0,19
style.css,208,css,b4e1e110,ProXenon,2025-02-01,21:20:54,-08:00,2025-02-01T21:20:54-08:00,0,13
style.css,209,css,b4e1e110,ProXenon,2025-02-01,21:20:54,-08:00,2025-02-01T21:20:54-08:00,0,37
style.css,210,css,b4e1e110,ProXenon,2025-02-01,21:20:54,-08:00,2025-02-01T21:20:54-08:00,0,9
style.css,211,css,b4e1e110,ProXenon,2025-02-01,21:20:54,-08:00,2025-02-01T21:20:54-08:00,0,14
style.css,212,css,b4e1e110,ProXenon,2025-02-01,21:20:54,-08:00,2025-02-01T21:20:54-08:00,0,0
style.css,213,css,b4e1e110,ProXenon,2025-02-01,21:20:54,-08:00,2025-02-01T21:20:54-08:00,0,22
style.css,214,css,b4e1e110,ProXenon,2025-02-01,21:20:54,-08:00,2025-02-01T21:20:54-08:00,0,11
style.css,215,css,b4e1e110,ProXenon,2025-02-01,21:20:54,-08:00,2025-02-01T21:20:54-08:00,0,18
style.css,216,css,b4e1e110,ProXenon,2025-02-01,21:20:54,-08:00,2025-02-01T21:20:54-08:00,0,17
style.css,217,css,b4e1e110,ProXenon,2025-02-01,21:20:54,-08:00,2025-02-01T21:20:54-08:00,0,25
style.css,218,css,b4e1e110,ProXenon,2025-02-01,21:20:54,-08:00,2025-02-01T21:20:54-08:00,0,15
style.css,219,css,b4e1e110,ProXenon,2025-02-01,21:20:54,-08:00,2025-02-01T21:20:54-08:00,0,18
style.css,220,css,b4e1e110,ProXenon,2025-02-01,21:20:54,-08:00,2025-02-01T21:20:54-08:00,0,0
style.css,221,css,b4e1e110,ProXenon,2025-02-01,21:20:54,-08:00,2025-02-01T21:20:54-08:00,0,22
style.css,222,css,b4e1e110,ProXenon,2025-02-01,21:20:54,-08:00,2025-02-01T21:20:54-08:00,0,11
style.css,223,css,b4e1e110,ProXenon,2025-02-01,21:20:54,-08:00,2025-02-01T21:20:54-08:00,0,18
style.css,224,css,b4e1e110,ProXenon,2025-02-01,21:20:54,-08:00,2025-02-01T21:20:54-08:00,0,25
style.css,225,css,b4e1e110,ProXenon,2025-02-01,21:20:54,-08:00,2025-02-01T21:20:54-08:00,0,15
style.css,226,css,b4e1e110,ProXenon,2025-02-01,21:20:54,-08:00,2025-02-01T21:20:54-08:00,0,18
style.css,227,css,b4e1e110,ProXenon,2025-02-01,21:20:54,-08:00,2025-02-01T21:20:54-08:00,0,9
style.css,228,css,b4e1e110,ProXenon,2025-02-01,21:20:54,-08:00,2025-02-01T21:20:54-08:00,0,0
style.css,229,css,b4e1e110,ProXenon,2025-02-01,21:20:54,-08:00,2025-02-01T21:20:54-08:00,0,0
style.css,230,css,b4e1e110,ProXenon,2025-02-01,21:20:54,-08:00,2025-02-01T21:20:54-08:00,0,10
style.css,231,css,b4e1e110,ProXenon,2025-02-01,21:20:54,-08:00,2025-02-01T21:20:54-08:00,0,13
style.css,232,css,b4e1e110,ProXenon,2025-02-01,21:20:54,-08:00,2025-02-01T21:20:54-08:00,0,9
style.css,233,css,b4e1e110,ProXenon,2025-02-01,21:20:54,-08:00,2025-02-01T21:20:54-08:00,0,13
style.css,234,css,b4e1e110,ProXenon,2025-02-01,21:20:54,-08:00,2025-02-01T21:20:54-08:00,0,25
style.css,235,css,b4e1e110,ProXenon,2025-02-01,21:20:54,-08:00,2025-02-01T21:20:54-08:00,0,0
style.css,236,css,219133e1,ProXenon,2025-02-07,22:17:25,-08:00,2025-02-07T22:17:25-08:00,0,26
style.css,237,css,219133e1,ProXenon,2025-02-07,22:17:25,-08:00,2025-02-07T22:17:25-08:00,0,10
style.css,238,css,219133e1,ProXenon,2025-02-07,22:17:25,-08:00,2025-02-07T22:17:25-08:00,0,37
style.css,239,css,219133e1,ProXenon,2025-02-07,22:17:25,-08:00,2025-02-07T22:17:25-08:00,0,0
style.css,240,css,219133e1,ProXenon,2025-02-07,22:17:25,-08:00,2025-02-07T22:17:25-08:00,0,0
style.css,241,css,219133e1,ProXenon,2025-02-07,22:17:25,-08:00,2025-02-07T22:17:25-08:00,0,26
style.css,242,css,219133e1,ProXenon,2025-02-07,22:17:25,-08:00,2025-02-07T22:17:25-08:00,0,10
style.css,243,css,219133e1,ProXenon,2025-02-07,22:17:25,-08:00,2025-02-07T22:17:25-08:00,0,59
style.css,244,css,219133e1,ProXenon,2025-02-07,22:17:25,-08:00,2025-02-07T22:17:25-08:00,0,0
style.css,245,css,219133e1,ProXenon,2025-02-07,22:17:25,-08:00,2025-02-07T22:17:25-08:00,0,0
style.css,246,css,b4e1e110,ProXenon,2025-02-01,21:20:54,-08:00,2025-02-01T21:20:54-08:00,0,0
style.css,247,css,b4e1e110,ProXenon,2025-02-01,21:20:54,-08:00,2025-02-01T21:20:54-08:00,0,18
style.css,248,css,b4e1e110,ProXenon,2025-02-01,21:20:54,-08:00,2025-02-01T21:20:54-08:00,0,22
style.css,249,css,b4e1e110,ProXenon,2025-02-01,21:20:54,-08:00,2025-02-01T21:20:54-08:00,0,22
style.css,250,css,b4e1e110,ProXenon,2025-02-01,21:20:54,-08:00,2025-02-01T21:20:54-08:00,0,18
style.css,251,css,b4e1e110,ProXenon,2025-02-01,21:20:54,-08:00,2025-02-01T21:20:54-08:00,0,16
style.css,252,css,b4e1e110,ProXenon,2025-02-01,21:20:54,-08:00,2025-02-01T21:20:54-08:00,0,40
style.css,253,css,b4e1e110,ProXenon,2025-02-01,21:20:54,-08:00,2025-02-01T21:20:54-08:00,0,53
style.css,254,css,b4e1e110,ProXenon,2025-02-01,21:20:54,-08:00,2025-02-01T21:20:54-08:00,0,0
style.css,255,css,b4e1e110,ProXenon,2025-02-01,21:20:54,-08:00,2025-02-01T21:20:54-08:00,0,24
style.css,256,css,b4e1e110,ProXenon,2025-02-01,21:20:54,-08:00,2025-02-01T21:20:54-08:00,0,27
style.css,257,css,b4e1e110,ProXenon,2025-02-01,21:20:54,-08:00,2025-02-01T21:20:54-08:00,0,42
style.css,258,css,b4e1e110,ProXenon,2025-02-01,21:20:54,-08:00,2025-02-01T21:20:54-08:00,0,0
style.css,259,css,b4e1e110,ProXenon,2025-02-01,21:20:54,-08:00,2025-02-01T21:20:54-08:00,0,21
style.css,260,css,b4e1e110,ProXenon,2025-02-01,21:20:54,-08:00,2025-02-01T21:20:54-08:00,0,18
style.css,261,css,b4e1e110,ProXenon,2025-02-01,21:20:54,-08:00,2025-02-01T21:20:54-08:00,0,27
style.css,262,css,b4e1e110,ProXenon,2025-02-01,21:20:54,-08:00,2025-02-01T21:20:54-08:00,0,11
style.css,263,css,b4e1e110,ProXenon,2025-02-01,21:20:54,-08:00,2025-02-01T21:20:54-08:00,0,0
style.css,264,css,b4e1e110,ProXenon,2025-02-01,21:20:54,-08:00,2025-02-01T21:20:54-08:00,0,22
style.css,265,css,b4e1e110,ProXenon,2025-02-01,21:20:54,-08:00,2025-02-01T21:20:54-08:00,0,11
style.css,266,css,b4e1e110,ProXenon,2025-02-01,21:20:54,-08:00,2025-02-01T21:20:54-08:00,0,12
style.css,267,css,b4e1e110,ProXenon,2025-02-01,21:20:54,-08:00,2025-02-01T21:20:54-08:00,0,14
style.css,268,css,b4e1e110,ProXenon,2025-02-01,21:20:54,-08:00,2025-02-01T21:20:54-08:00,0,0
style.css,269,css,b4e1e110,ProXenon,2025-02-01,21:20:54,-08:00,2025-02-01T21:20:54-08:00,0,20
style.css,270,css,b4e1e110,ProXenon,2025-02-01,21:20:54,-08:00,2025-02-01T21:20:54-08:00,0,15
style.css,271,css,b4e1e110,ProXenon,2025-02-01,21:20:54,-08:00,2025-02-01T21:20:54-08:00,0,20
style.css,272,css,b4e1e110,ProXenon,2025-02-01,21:20:54,-08:00,2025-02-01T21:20:54-08:00,0,11
style.css,273,css,b4e1e110,ProXenon,2025-02-01,21:20:54,-08:00,2025-02-01T21:20:54-08:00,0,16
style.css,274,css,b4e1e110,ProXenon,2025-02-01,21:20:54,-08:00,2025-02-01T21:20:54-08:00,0,0
style.css,275,css,219133e1,ProXenon,2025-02-07,22:17:25,-08:00,2025-02-07T22:17:25-08:00,0,35
style.css,276,css,219133e1,ProXenon,2025-02-07,22:17:25,-08:00,2025-02-07T22:17:25-08:00,0,13
style.css,277,css,219133e1,ProXenon,2025-02-07,22:17:25,-08:00,2025-02-07T22:17:25-08:00,0,0
style.css,278,css,219133e1,ProXenon,2025-02-07,22:17:25,-08:00,2025-02-07T22:17:25-08:00,0,24
style.css,279,css,219133e1,ProXenon,2025-02-07,22:17:25,-08:00,2025-02-07T22:17:25-08:00,0,17
style.css,280,css,219133e1,ProXenon,2025-02-07,22:17:25,-08:00,2025-02-07T22:17:25-08:00,0,11
style.css,281,css,219133e1,ProXenon,2025-02-07,22:17:25,-08:00,2025-02-07T22:17:25-08:00,0,18
style.css,282,css,219133e1,ProXenon,2025-02-07,22:17:25,-08:00,2025-02-07T22:17:25-08:00,0,18
style.css,283,css,219133e1,ProXenon,2025-02-07,22:17:25,-08:00,2025-02-07T22:17:25-08:00,0,0
style.css,284,css,219133e1,ProXenon,2025-02-07,22:17:25,-08:00,2025-02-07T22:17:25-08:00,0,0
style.css,285,css,219133e1,ProXenon,2025-02-07,22:17:25,-08:00,2025-02-07T22:17:25-08:00,0,11
style.css,286,css,219133e1,ProXenon,2025-02-07,22:17:25,-08:00,2025-02-07T22:17:25-08:00,0,13
style.css,287,css,219133e1,ProXenon,2025-02-07,22:17:25,-08:00,2025-02-07T22:17:25-08:00,0,23
style.css,288,css,219133e1,ProXenon,2025-02-07,22:17:25,-08:00,2025-02-07T22:17:25-08:00,0,8
style.css,289,css,219133e1,ProXenon,2025-02-07,22:17:25,-08:00,2025-02-07T22:17:25-08:00,0,15
style.css,290,css,219133e1,ProXenon,2025-02-07,22:17:25,-08:00,2025-02-07T22:17:25-08:00,0,0
style.css,291,css,219133e1,ProXenon,2025-02-07,22:17:25,-08:00,2025-02-07T22:17:25-08:00,0,0
style.css,292,css,219133e1,ProXenon,2025-02-07,22:17:25,-08:00,2025-02-07T22:17:25-08:00,0,19
style.css,293,css,219133e1,ProXenon,2025-02-07,22:17:25,-08:00,2025-02-07T22:17:25-08:00,0,15
style.css,294,css,219133e1,ProXenon,2025-02-07,22:17:25,-08:00,2025-02-07T22:17:25-08:00,0,17
style.css,295,css,219133e1,ProXenon,2025-02-07,22:17:25,-08:00,2025-02-07T22:17:25-08:00,0,14
style.css,296,css,219133e1,ProXenon,2025-02-07,22:17:25,-08:00,2025-02-07T22:17:25-08:00,0,0
style.css,297,css,219133e1,ProXenon,2025-02-07,22:17:25,-08:00,2025-02-07T22:17:25-08:00,0,0
style.css,298,css,219133e1,ProXenon,2025-02-07,22:17:25,-08:00,2025-02-07T22:17:25-08:00,0,8
style.css,299,css,219133e1,ProXenon,2025-02-07,22:17:25,-08:00,2025-02-07T22:17:25-08:00,0,7
style.css,300,css,219133e1,ProXenon,2025-02-07,22:17:25,-08:00,2025-02-07T22:17:25-08:00,0,13
style.css,301,css,219133e1,ProXenon,2025-02-07,22:17:25,-08:00,2025-02-07T22:17:25-08:00,0,57
style.css,302,css,219133e1,ProXenon,2025-02-07,22:17:25,-08:00,2025-02-07T22:17:25-08:00,0,10
style.css,303,css,219133e1,ProXenon,2025-02-07,22:17:25,-08:00,2025-02-07T22:17:25-08:00,0,16
style.css,304,css,219133e1,ProXenon,2025-02-07,22:17:25,-08:00,2025-02-07T22:17:25-08:00,0,12
style.css,305,css,219133e1,ProXenon,2025-02-07,22:17:25,-08:00,2025-02-07T22:17:25-08:00,0,9
style.css,306,css,219133e1,ProXenon,2025-02-07,22:17:25,-08:00,2025-02-07T22:17:25-08:00,0,22
style.css,307,css,219133e1,ProXenon,2025-02-07,22:17:25,-08:00,2025-02-07T22:17:25-08:00,0,18
style.css,308,css,219133e1,ProXenon,2025-02-07,22:17:25,-08:00,2025-02-07T22:17:25-08:00,0,0
style.css,309,css,219133e1,ProXenon,2025-02-07,22:17:25,-08:00,2025-02-07T22:17:25-08:00,0,26
style.css,310,css,219133e1,ProXenon,2025-02-07,22:17:25,-08:00,2025-02-07T22:17:25-08:00,0,8
style.css,311,css,219133e1,ProXenon,2025-02-07,22:17:25,-08:00,2025-02-07T22:17:25-08:00,0,37
style.css,312,css,219133e1,ProXenon,2025-02-07,22:17:25,-08:00,2025-02-07T22:17:25-08:00,0,0
style.css,313,css,219133e1,ProXenon,2025-02-07,22:17:25,-08:00,2025-02-07T22:17:25-08:00,0,0
style.css,314,css,219133e1,ProXenon,2025-02-07,22:17:25,-08:00,2025-02-07T22:17:25-08:00,0,0
style.css,315,css,219133e1,ProXenon,2025-02-07,22:17:25,-08:00,2025-02-07T22:17:25-08:00,0,13
style.css,316,css,219133e1,ProXenon,2025-02-07,22:17:25,-08:00,2025-02-07T22:17:25-08:00,0,13
style.css,317,css,219133e1,ProXenon,2025-02-07,22:17:25,-08:00,2025-02-07T22:17:25-08:00,0,19
style.css,318,css,219133e1,ProXenon,2025-02-07,22:17:25,-08:00,2025-02-07T22:17:25-08:00,0,10
style.css,319,css,219133e1,ProXenon,2025-02-07,22:17:25,-08:00,2025-02-07T22:17:25-08:00,0,0
style.css,320,css,219133e1,ProXenon,2025-02-07,22:17:25,-08:00,2025-02-07T22:17:25-08:00,0,0
style.css,321,css,219133e1,ProXenon,2025-02-07,22:17:25,-08:00,2025-02-07T22:17:25-08:00,0,8
style.css,322,css,219133e1,ProXenon,2025-02-07,22:17:25,-08:00,2025-02-07T22:17:25-08:00,0,21
style.css,323,css,219133e1,ProXenon,2025-02-07,22:17:25,-08:00,2025-02-07T22:17:25-08:00,0,10
style.css,324,css,219133e1,ProXenon,2025-02-07,22:17:25,-08:00,2025-02-07T22:17:25-08:00,0,11
style.css,325,css,219133e1,ProXenon,2025-02-07,22:17:25,-08:00,2025-02-07T22:17:25-08:00,0,30
style.css,326,css,219133e1,ProXenon,2025-02-07,22:17:25,-08:00,2025-02-07T22:17:25-08:00,0,18
style.css,327,css,219133e1,ProXenon,2025-02-07,22:17:25,-08:00,2025-02-07T22:17:25-08:00,0,0
style.css,328,css,219133e1,ProXenon,2025-02-07,22:17:25,-08:00,2025-02-07T22:17:25-08:00,0,0
style.css,329,css,219133e1,ProXenon,2025-02-07,22:17:25,-08:00,2025-02-07T22:17:25-08:00,0,11
style.css,330,css,219133e1,ProXenon,2025-02-07,22:17:25,-08:00,2025-02-07T22:17:25-08:00,0,14
style.css,331,css,219133e1,ProXenon,2025-02-07,22:17:25,-08:00,2025-02-07T22:17:25-08:00,0,11
style.css,332,css,219133e1,ProXenon,2025-02-07,22:17:25,-08:00,2025-02-07T22:17:25-08:00,0,15
style.css,333,css,219133e1,ProXenon,2025-02-07,22:17:25,-08:00,2025-02-07T22:17:25-08:00,0,17
style.css,334,css,219133e1,ProXenon,2025-02-07,22:17:25,-08:00,2025-02-07T22:17:25-08:00,0,19
style.css,335,css,219133e1,ProXenon,2025-02-07,22:17:25,-08:00,2025-02-07T22:17:25-08:00,0,17
style.css,336,css,219133e1,ProXenon,2025-02-07,22:17:25,-08:00,2025-02-07T22:17:25-08:00,0,37
style.css,337,css,219133e1,ProXenon,2025-02-07,22:17:25,-08:00,2025-02-07T22:17:25-08:00,0,18
style.css,338,css,219133e1,ProXenon,2025-02-07,22:17:25,-08:00,2025-02-07T22:17:25-08:00,0,40
style.css,339,css,219133e1,ProXenon,2025-02-07,22:17:25,-08:00,2025-02-07T22:17:25-08:00,0,46
style.css,340,css,219133e1,ProXenon,2025-02-07,22:17:25,-08:00,2025-02-07T22:17:25-08:00,0,22
style.css,341,css,219133e1,ProXenon,2025-02-07,22:17:25,-08:00,2025-02-07T22:17:25-08:00,0,0
style.css,342,css,219133e1,ProXenon,2025-02-07,22:17:25,-08:00,2025-02-07T22:17:25-08:00,0,17
style.css,343,css,219133e1,ProXenon,2025-02-07,22:17:25,-08:00,2025-02-07T22:17:25-08:00,0,13
style.css,344,css,219133e1,ProXenon,2025-02-07,22:17:25,-08:00,2025-02-07T22:17:25-08:00,0,33
style.css,345,css,219133e1,ProXenon,2025-02-07,22:17:25,-08:00,2025-02-07T22:17:25-08:00,0,39
style.css,346,css,219133e1,ProXenon,2025-02-07,22:17:25,-08:00,2025-02-07T22:17:25-08:00,0,0
style.css,347,css,b4e1e110,ProXenon,2025-02-01,21:20:54,-08:00,2025-02-01T21:20:54-08:00,0,0
style.css,348,css,219133e1,ProXenon,2025-02-07,22:17:25,-08:00,2025-02-07T22:17:25-08:00,0,52
style.css,349,css,219133e1,ProXenon,2025-02-07,22:17:25,-08:00,2025-02-07T22:17:25-08:00,0,12
style.css,350,css,219133e1,ProXenon,2025-02-07,22:17:25,-08:00,2025-02-07T22:17:25-08:00,0,0
style.css,351,css,219133e1,ProXenon,2025-02-07,22:17:25,-08:00,2025-02-07T22:17:25-08:00,0,0
style.css,352,css,219133e1,ProXenon,2025-02-07,22:17:25,-08:00,2025-02-07T22:17:25-08:00,0,24
style.css,353,css,219133e1,ProXenon,2025-02-07,22:17:25,-08:00,2025-02-07T22:17:25-08:00,0,17
style.css,354,css,219133e1,ProXenon,2025-02-07,22:17:25,-08:00,2025-02-07T22:17:25-08:00,0,15
style.css,355,css,219133e1,ProXenon,2025-02-07,22:17:25,-08:00,2025-02-07T22:17:25-08:00,0,0
style.css,356,css,219133e1,ProXenon,2025-02-07,22:17:25,-08:00,2025-02-07T22:17:25-08:00,0,0
style.css,357,css,219133e1,ProXenon,2025-02-07,22:17:25,-08:00,2025-02-07T22:17:25-08:00,0,10
style.css,358,css,219133e1,ProXenon,2025-02-07,22:17:25,-08:00,2025-02-07T22:17:25-08:00,0,33
style.css,359,css,219133e1,ProXenon,2025-02-07,22:17:25,-08:00,2025-02-07T22:17:25-08:00,0,0
style.css,360,css,219133e1,ProXenon,2025-02-07,22:17:25,-08:00,2025-02-07T22:17:25-08:00,0,0
style.css,361,css,219133e1,ProXenon,2025-02-07,22:17:25,-08:00,2025-02-07T22:17:25-08:00,0,22
style.css,362,css,219133e1,ProXenon,2025-02-07,22:17:25,-08:00,2025-02-07T22:17:25-08:00,0,34
style.css,363,css,219133e1,ProXenon,2025-02-07,22:17:25,-08:00,2025-02-07T22:17:25-08:00,0,12
style.css,364,css,219133e1,ProXenon,2025-02-07,22:17:25,-08:00,2025-02-07T22:17:25-08:00,0,18
style.css,365,css,219133e1,ProXenon,2025-02-07,22:17:25,-08:00,2025-02-07T22:17:25-08:00,0,0
resume.html,1,html,3f51c286,ProXenon,2025-01-08,13:29:43,-08:00,2025-01-08T13:29:43-08:00,0,14
resume.html,2,html,3f51c286,ProXenon,2025-01-08,13:29:43,-08:00,2025-01-08T13:29:43-08:00,0,15
resume.html,3,html,3f51c286,ProXenon,2025-01-08,13:29:43,-08:00,2025-01-08T13:29:43-08:00,0,5
resume.html,4,html,62cd9ab0,ProXenon,2025-01-17,21:47:06,-08:00,2025-01-17T21:47:06-08:00,0,23
resume.html,5,html,62cd9ab0,ProXenon,2025-01-17,21:47:06,-08:00,2025-01-17T21:47:06-08:00,0,70
resume.html,6,html,62cd9ab0,ProXenon,2025-01-17,21:47:06,-08:00,2025-01-17T21:47:06-08:00,0,20
resume.html,7,html,62cd9ab0,ProXenon,2025-01-17,21:47:06,-08:00,2025-01-17T21:47:06-08:00,0,41
resume.html,8,html,e41f81a8,ProXenon,2025-01-24,10:44:39,-08:00,2025-01-24T10:44:39-08:00,0,46
resume.html,9,html,3f51c286,ProXenon,2025-01-08,13:29:43,-08:00,2025-01-08T13:29:43-08:00,0,6
resume.html,10,html,3f51c286,ProXenon,2025-01-08,13:29:43,-08:00,2025-01-08T13:29:43-08:00,0,5
resume.html,11,html,62cd9ab0,ProXenon,2025-01-17,21:47:06,-08:00,2025-01-17T21:47:06-08:00,0,29
resume.html,12,html,62cd9ab0,ProXenon,2025-01-17,21:47:06,-08:00,2025-01-17T21:47:06-08:00,0,17
resume.html,13,html,62cd9ab0,ProXenon,2025-01-17,21:47:06,-08:00,2025-01-17T21:47:06-08:00,0,47
resume.html,14,html,62cd9ab0,ProXenon,2025-01-17,21:47:06,-08:00,2025-01-17T21:47:06-08:00,0,81
resume.html,15,html,62cd9ab0,ProXenon,2025-01-17,21:47:06,-08:00,2025-01-17T21:47:06-08:00,0,5
resume.html,16,html,62cd9ab0,ProXenon,2025-01-17,21:47:06,-08:00,2025-01-17T21:47:06-08:00,0,8
resume.html,17,html,62cd9ab0,ProXenon,2025-01-17,21:47:06,-08:00,2025-01-17T21:47:06-08:00,0,0
resume.html,18,html,62cd9ab0,ProXenon,2025-01-17,21:47:06,-08:00,2025-01-17T21:47:06-08:00,0,0
resume.html,19,html,62cd9ab0,ProXenon,2025-01-17,21:47:06,-08:00,2025-01-17T21:47:06-08:00,0,27
resume.html,20,html,62cd9ab0,ProXenon,2025-01-17,21:47:06,-08:00,2025-01-17T21:47:06-08:00,0,0
resume.html,21,html,62cd9ab0,ProXenon,2025-01-17,21:47:06,-08:00,2025-01-17T21:47:06-08:00,0,29
resume.html,22,html,62cd9ab0,ProXenon,2025-01-17,21:47:06,-08:00,2025-01-17T21:47:06-08:00,0,14
resume.html,23,html,62cd9ab0,ProXenon,2025-01-17,21:47:06,-08:00,2025-01-17T21:47:06-08:00,0,23
resume.html,24,html,62cd9ab0,ProXenon,2025-01-17,21:47:06,-08:00,2025-01-17T21:47:06-08:00,0,14
resume.html,25,html,62cd9ab0,ProXenon,2025-01-17,21:47:06,-08:00,2025-01-17T21:47:06-08:00,0,12
resume.html,26,html,62cd9ab0,ProXenon,2025-01-17,21:47:06,-08:00,2025-01-17T21:47:06-08:00,0,11
resume.html,27,html,62cd9ab0,ProXenon,2025-01-17,21:47:06,-08:00,2025-01-17T21:47:06-08:00,0,26
resume.html,28,html,62cd9ab0,ProXenon,2025-01-17,21:47:06,-08:00,2025-01-17T21:47:06-08:00,0,4
resume.html,29,html,62cd9ab0,ProXenon,2025-01-17,21:47:06,-08:00,2025-01-17T21:47:06-08:00,0,7
resume.html,30,html,62cd9ab0,ProXenon,2025-01-17,21:47:06,-08:00,2025-01-17T21:47:06-08:00,0,0
resume.html,31,html,62cd9ab0,ProXenon,2025-01-17,21:47:06,-08:00,2025-01-17T21:47:06-08:00,0,25
resume.html,32,html,62cd9ab0,ProXenon,2025-01-17,21:47:06,-08:00,2025-01-17T21:47:06-08:00,0,31
resume.html,33,html,62cd9ab0,ProXenon,2025-01-17,21:47:06,-08:00,2025-01-17T21:47:06-08:00,0,17
resume.html,34,html,62cd9ab0,ProXenon,2025-01-17,21:47:06,-08:00,2025-01-17T21:47:06-08:00,0,8
resume.html,35,html,62cd9ab0,ProXenon,2025-01-17,21:47:06,-08:00,2025-01-17T21:47:06-08:00,0,43
resume.html,36,html,62cd9ab0,ProXenon,2025-01-17,21:47:06,-08:00,2025-01-17T21:47:06-08:00,0,44
resume.html,37,html,62cd9ab0,ProXenon,2025-01-17,21:47:06,-08:00,2025-01-17T21:47:06-08:00,0,54
resume.html,38,html,62cd9ab0,ProXenon,2025-01-17,21:47:06,-08:00,2025-01-17T21:47:06-08:00,0,3
resume.html,39,html,62cd9ab0,ProXenon,2025-01-17,21:47:06,-08:00,2025-01-17T21:47:06-08:00,0,82
resume.html,40,html,62cd9ab0,ProXenon,2025-01-17,21:47:06,-08:00,2025-01-17T21:47:06-08:00,0,45
resume.html,41,html,62cd9ab0,ProXenon,2025-01-17,21:47:06,-08:00,2025-01-17T21:47:06-08:00,0,4
resume.html,42,html,62cd9ab0,ProXenon,2025-01-17,21:47:06,-08:00,2025-01-17T21:47:06-08:00,0,9
resume.html,43,html,62cd9ab0,ProXenon,2025-01-17,21:47:06,-08:00,2025-01-17T21:47:06-08:00,0,9
resume.html,44,html,62cd9ab0,ProXenon,2025-01-17,21:47:06,-08:00,2025-01-17T21:47:06-08:00,0,0
resume.html,45,html,62cd9ab0,ProXenon,2025-01-17,21:47:06,-08:00,2025-01-17T21:47:06-08:00,0,31
resume.html,46,html,62cd9ab0,ProXenon,2025-01-17,21:47:06,-08:00,2025-01-17T21:47:06-08:00,0,18
resume.html,47,html,62cd9ab0,ProXenon,2025-01-17,21:47:06,-08:00,2025-01-17T21:47:06-08:00,0,20
resume.html,48,html,62cd9ab0,ProXenon,2025-01-17,21:47:06,-08:00,2025-01-17T21:47:06-08:00,0,14
resume.html,49,html,62cd9ab0,ProXenon,2025-01-17,21:47:06,-08:00,2025-01-17T21:47:06-08:00,0,43
resume.html,50,html,62cd9ab0,ProXenon,2025-01-17,21:47:06,-08:00,2025-01-17T21:47:06-08:00,0,50
resume.html,51,html,62cd9ab0,ProXenon,2025-01-17,21:47:06,-08:00,2025-01-17T21:47:06-08:00,0,3
resume.html,52,html,62cd9ab0,ProXenon,2025-01-17,21:47:06,-08:00,2025-01-17T21:47:06-08:00,0,71
resume.html,53,html,62cd9ab0,ProXenon,2025-01-17,21:47:06,-08:00,2025-01-17T21:47:06-08:00,0,92
resume.html,54,html,62cd9ab0,ProXenon,2025-01-17,21:47:06,-08:00,2025-01-17T21:47:06-08:00,0,94
resume.html,55,html,62cd9ab0,ProXenon,2025-01-17,21:47:06,-08:00,2025-01-17T21:47:06-08:00,0,4
resume.html,56,html,62cd9ab0,ProXenon,2025-01-17,21:47:06,-08:00,2025-01-17T21:47:06-08:00,0,9
resume.html,57,html,62cd9ab0,ProXenon,2025-01-17,21:47:06,-08:00,2025-01-17T21:47:06-08:00,0,9
resume.html,58,html,62cd9ab0,ProXenon,2025-01-17,21:47:06,-08:00,2025-01-17T21:47:06-08:00,0,0
resume.html,59,html,62cd9ab0,ProXenon,2025-01-17,21:47:06,-08:00,2025-01-17T21:47:06-08:00,0,31
resume.html,60,html,62cd9ab0,ProXenon,2025-01-17,21:47:06,-08:00,2025-01-17T21:47:06-08:00,0,16
resume.html,61,html,62cd9ab0,ProXenon,2025-01-17,21:47:06,-08:00,2025-01-17T21:47:06-08:00,0,8
resume.html,62,html,62cd9ab0,ProXenon,2025-01-17,21:47:06,-08:00,2025-01-17T21:47:06-08:00,0,46
resume.html,63,html,62cd9ab0,ProXenon,2025-01-17,21:47:06,-08:00,2025-01-17T21:47:06-08:00,0,3
resume.html,64,html,62cd9ab0,ProXenon,2025-01-17,21:47:06,-08:00,2025-01-17T21:47:06-08:00,0,73
resume.html,65,html,62cd9ab0,ProXenon,2025-01-17,21:47:06,-08:00,2025-01-17T21:47:06-08:00,0,69
resume.html,66,html,62cd9ab0,ProXenon,2025-01-17,21:47:06,-08:00,2025-01-17T21:47:06-08:00,0,4
resume.html,67,html,62cd9ab0,ProXenon,2025-01-17,21:47:06,-08:00,2025-01-17T21:47:06-08:00,0,9
resume.html,68,html,62cd9ab0,ProXenon,2025-01-17,21:47:06,-08:00,2025-01-17T21:47:06-08:00,0,8
resume.html,69,html,62cd9ab0,ProXenon,2025-01-17,21:47:06,-08:00,2025-01-17T21:47:06-08:00,0,46
resume.html,70,html,62cd9ab0,ProXenon,2025-01-17,21:47:06,-08:00,2025-01-17T21:47:06-08:00,0,3
resume.html,71,html,62cd9ab0,ProXenon,2025-01-17,21:47:06,-08:00,2025-01-17T21:47:06-08:00,0,66
resume.html,72,html,62cd9ab0,ProXenon,2025-01-17,21:47:06,-08:00,2025-01-17T21:47:06-08:00,0,61
resume.html,73,html,62cd9ab0,ProXenon,2025-01-17,21:47:06,-08:00,2025-01-17T21:47:06-08:00,0,4
resume.html,74,html,62cd9ab0,ProXenon,2025-01-17,21:47:06,-08:00,2025-01-17T21:47:06-08:00,0,9
resume.html,75,html,62cd9ab0,ProXenon,2025-01-17,21:47:06,-08:00,2025-01-17T21:47:06-08:00,0,8
resume.html,76,html,62cd9ab0,ProXenon,2025-01-17,21:47:06,-08:00,2025-01-17T21:47:06-08:00,0,44
resume.html,77,html,62cd9ab0,ProXenon,2025-01-17,21:47:06,-08:00,2025-01-17T21:47:06-08:00,0,3
resume.html,78,html,62cd9ab0,ProXenon,2025-01-17,21:47:06,-08:00,2025-01-17T21:47:06-08:00,0,85
resume.html,79,html,62cd9ab0,ProXenon,2025-01-17,21:47:06,-08:00,2025-01-17T21:47:06-08:00,0,88
resume.html,80,html,62cd9ab0,ProXenon,2025-01-17,21:47:06,-08:00,2025-01-17T21:47:06-08:00,0,4
resume.html,81,html,62cd9ab0,ProXenon,2025-01-17,21:47:06,-08:00,2025-01-17T21:47:06-08:00,0,9
resume.html,82,html,62cd9ab0,ProXenon,2025-01-17,21:47:06,-08:00,2025-01-17T21:47:06-08:00,0,9
resume.html,83,html,62cd9ab0,ProXenon,2025-01-17,21:47:06,-08:00,2025-01-17T21:47:06-08:00,0,6
resume.html,84,html,62cd9ab0,ProXenon,2025-01-17,21:47:06,-08:00,2025-01-17T21:47:06-08:00,0,5
resume.html,85,html,3f51c286,ProXenon,2025-01-08,13:29:43,-08:00,2025-01-08T13:29:43-08:00,0,6
resume.html,86,html,62cd9ab0,ProXenon,2025-01-17,21:47:06,-08:00,2025-01-17T21:47:06-08:00,0,6
index.js,1,js,b4e1e110,ProXenon,2025-02-01,21:20:54,-08:00,2025-02-01T21:20:54-08:00,0,72
index.js,2,js,b4e1e110,ProXenon,2025-02-01,21:20:54,-08:00,2025-02-01T21:20:54-08:00,0,0
index.js,3,js,b4e1e110,ProXenon,2025-02-01,21:20:54,-08:00,2025-02-01T21:20:54-08:00,0,36
index.js,4,js,b4e1e110,ProXenon,2025-02-01,21:20:54,-08:00,2025-02-01T21:20:54-08:00,0,4
index.js,5,js,b4e1e110,ProXenon,2025-02-01,21:20:54,-08:00,2025-02-01T21:20:54-08:00,0,53
index.js,6,js,b4e1e110,ProXenon,2025-02-01,21:20:54,-08:00,2025-02-01T21:20:54-08:00,0,0
index.js,7,js,b4e1e110,ProXenon,2025-02-01,21:20:54,-08:00,2025-02-01T21:20:54-08:00,0,43
index.js,8,js,b4e1e110,ProXenon,2025-02-01,21:20:54,-08:00,2025-02-01T21:20:54-08:00,0,0
index.js,9,js,b4e1e110,ProXenon,2025-02-01,21:20:54,-08:00,2025-02-01T21:20:54-08:00,0,61
index.js,10,js,b4e1e110,ProXenon,2025-02-01,21:20:54,-08:00,2025-02-01T21:20:54-08:00,0,24
index.js,11,js,b4e1e110,ProXenon,2025-02-01,21:20:54,-08:00,2025-02-01T21:20:54-08:00,0,105
index.js,12,js,b4e1e110,ProXenon,2025-02-01,21:20:54,-08:00,2025-02-01T21:20:54-08:00,0,6
index.js,13,js,b4e1e110,ProXenon,2025-02-01,21:20:54,-08:00,2025-02-01T21:20:54-08:00,0,0
index.js,14,js,b4e1e110,ProXenon,2025-02-01,21:20:54,-08:00,2025-02-01T21:20:54-08:00,0,0
index.js,15,js,b4e1e110,ProXenon,2025-02-01,21:20:54,-08:00,2025-02-01T21:20:54-08:00,0,55
index.js,16,js,b4e1e110,ProXenon,2025-02-01,21:20:54,-08:00,2025-02-01T21:20:54-08:00,0,16
index.js,17,js,b4e1e110,ProXenon,2025-02-01,21:20:54,-08:00,2025-02-01T21:20:54-08:00,0,72
index.js,18,js,b4e1e110,ProXenon,2025-02-01,21:20:54,-08:00,2025-02-01T21:20:54-08:00,0,0
index.js,19,js,b4e1e110,ProXenon,2025-02-01,21:20:54,-08:00,2025-02-01T21:20:54-08:00,0,0
index.js,20,js,b4e1e110,ProXenon,2025-02-01,21:20:54,-08:00,2025-02-01T21:20:54-08:00,0,0
index.js,21,js,b4e1e110,ProXenon,2025-02-01,21:20:54,-08:00,2025-02-01T21:20:54-08:00,0,20
index.js,22,js,b4e1e110,ProXenon,2025-02-01,21:20:54,-08:00,2025-02-01T21:20:54-08:00,0,0
index.js,23,js,b4e1e110,ProXenon,2025-02-01,21:20:54,-08:00,2025-02-01T21:20:54-08:00,0,33
index.js,24,js,b4e1e110,ProXenon,2025-02-01,21:20:54,-08:00,2025-02-01T21:20:54-08:00,0,4
index.js,25,js,b4e1e110,ProXenon,2025-02-01,21:20:54,-08:00,2025-02-01T21:20:54-08:00,0,50
index.js,26,js,b4e1e110,ProXenon,2025-02-01,21:20:54,-08:00,2025-02-01T21:20:54-08:00,0,39
index.js,27,js,b4e1e110,ProXenon,2025-02-01,21:20:54,-08:00,2025-02-01T21:20:54-08:00,0,63
index.js,28,js,b4e1e110,ProXenon,2025-02-01,21:20:54,-08:00,2025-02-01T21:20:54-08:00,0,21
index.js,29,js,b4e1e110,ProXenon,2025-02-01,21:20:54,-08:00,2025-02-01T21:20:54-08:00,0,28
index.js,30,js,b4e1e110,ProXenon,2025-02-01,21:20:54,-08:00,2025-02-01T21:20:54-08:00,0,20
index.js,31,js,b4e1e110,ProXenon,2025-02-01,21:20:54,-08:00,2025-02-01T21:20:54-08:00,0,29
index.js,32,js,b4e1e110,ProXenon,2025-02-01,21:20:54,-08:00,2025-02-01T21:20:54-08:00,0,17
index.js,33,js,b4e1e110,ProXenon,2025-02-01,21:20:54,-08:00,2025-02-01T21:20:54-08:00,0,31
index.js,34,js,b4e1e110,ProXenon,2025-02-01,21:20:54,-08:00,2025-02-01T21:20:54-08:00,0,17
index.js,35,js,b4e1e110,ProXenon,2025-02-01,21:20:54,-08:00,2025-02-01T21:20:54-08:00,0,31
index.js,36,js,b4e1e110,ProXenon,2025-02-01,21:20:54,-08:00,2025-02-01T21:20:54-08:00,0,20
index.js,37,js,b4e1e110,ProXenon,2025-02-01,21:20:54,-08:00,2025-02-01T21:20:54-08:00,0,34
index.js,38,js,b4e1e110,ProXenon,2025-02-01,21:20:54,-08:00,2025-02-01T21:20:54-08:00,0,20
index.js,39,js,b4e1e110,ProXenon,2025-02-01,21:20:54,-08:00,2025-02-01T21:20:54-08:00,0,34
index.js,40,js,b4e1e110,ProXenon,2025-02-01,21:20:54,-08:00,2025-02-01T21:20:54-08:00,0,4
index.js,41,js,b4e1e110,ProXenon,2025-02-01,21:20:54,-08:00,2025-02-01T21:20:54-08:00,0,1
index.js,42,js,b4e1e110,ProXenon,2025-02-01,21:20:54,-08:00,2025-02-01T21:20:54-08:00,0,0
index.js,43,js,b4e1e110,ProXenon,2025-02-01,21:20:54,-08:00,2025-02-01T21:20:54-08:00,0,16
index.js,44,js,b4e1e110,ProXenon,2025-02-01,21:20:54,-08:00,2025-02-01T21:20:54-08:00,0,51
index.js,45,js,b4e1e110,ProXenon,2025-02-01,21:20:54,-08:00,2025-02-01T21:20:54-08:00,0,0
index.js,46,js,b4e1e110,ProXenon,2025-02-01,21:20:54,-08:00,2025-02-01T21:20:54-08:00,0,0
index.js,47,js,b4e1e110,ProXenon,2025-02-01,21:20:54,-08:00,2025-02-01T21:20:54-08:00,0,0
index.js,48,js,b4e1e110,ProXenon,2025-02-01,21:20:54,-08:00,2025-02-01T21:20:54-08:00,0,17
index.html,1,html,4dbf6cc8,ProXenon,2025-01-07,11:52:42,-08:00,2025-01-07T11:52:42-08:00,0,14
index.html,2,html,4dbf6cc8,ProXenon,2025-01-07,11:52:42,-08:00,2025-01-07T11:52:42-08:00,0,15
index.html,3,html,4dbf6cc8,ProXenon,2025-01-07,11:52:42,-08:00,2025-01-07T11:52:42-08:00,0,5
index.html,4,html,b4e1e110,ProXenon,2025-02-01,21:20:54,-08:00,2025-02-01T21:20:54-08:00,0,21
index.html,5,html,b4e1e110,ProXenon,2025-02-01,21:20:54,-08:00,2025-02-01T21:20:54-08:00,0,69
index.html,6,html,b4e1e110,ProXenon,2025-02-01,21:20:54,-08:00,2025-02-01T21:20:54-08:00,0,52
index.html,7,html,b4e1e110,ProXenon,2025-02-01,21:20:54,-08:00,2025-02-01T21:20:54-08:00,0,39
index.html,8,html,b4e1e110,ProXenon,2025-02-01,21:20:54,-08:00,2025-02-01T21:20:54-08:00,0,46
index.html,9,html,4dbf6cc8,ProXenon,2025-01-07,11:52:42,-08:00,2025-01-07T11:52:42-08:00,0,6
index.html,10,html,4dbf6cc8,ProXenon,2025-01-07,11:52:42,-08:00,2025-01-07T11:52:42-08:00,0,5
index.html,11,html,b4e1e110,ProXenon,2025-02-01,21:20:54,-08:00,2025-02-01T21:20:54-08:00,0,17
index.html,12,html,b4e1e110,ProXenon,2025-02-01,21:20:54,-08:00,2025-02-01T21:20:54-08:00,0,127
index.html,13,html,b4e1e110,ProXenon,2025-02-01,21:20:54,-08:00,2025-02-01T21:20:54-08:00,0,104
index.html,14,html,b4e1e110,ProXenon,2025-02-01,21:20:54,-08:00,2025-02-01T21:20:54-08:00,0,0
index.html,15,html,b4e1e110,ProXenon,2025-02-01,21:20:54,-08:00,2025-02-01T21:20:54-08:00,0,23
index.html,16,html,b4e1e110,ProXenon,2025-02-01,21:20:54,-08:00,2025-02-01T21:20:54-08:00,0,21
index.html,17,html,b4e1e110,ProXenon,2025-02-01,21:20:54,-08:00,2025-02-01T21:20:54-08:00,0,45
index.html,18,html,b4e1e110,ProXenon,2025-02-01,21:20:54,-08:00,2025-02-01T21:20:54-08:00,0,5
index.html,19,html,b4e1e110,ProXenon,2025-02-01,21:20:54,-08:00,2025-02-01T21:20:54-08:00,0,0
index.html,20,html,b4e1e110,ProXenon,2025-02-01,21:20:54,-08:00,2025-02-01T21:20:54-08:00,0,25
index.html,21,html,b4e1e110,ProXenon,2025-02-01,21:20:54,-08:00,2025-02-01T21:20:54-08:00,0,5
index.html,22,html,b4e1e110,ProXenon,2025-02-01,21:20:54,-08:00,2025-02-01T21:20:54-08:00,0,0
index.html,23,html,b4e1e110,ProXenon,2025-02-01,21:20:54,-08:00,2025-02-01T21:20:54-08:00,0,51
index.html,24,html,4dbf6cc8,ProXenon,2025-01-07,11:52:42,-08:00,2025-01-07T11:52:42-08:00,0,6
index.html,25,html,b4e1e110,ProXenon,2025-02-01,21:20:54,-08:00,2025-02-01T21:20:54-08:00,0,6
global.js,1,js,e41f81a8,ProXenon,2025-01-24,10:44:39,-08:00,2025-01-24T10:44:39-08:00,0,26
global.js,2,js,e41f81a8,ProXenon,2025-01-24,10:44:39,-08:00,2025-01-24T10:44:39-08:00,0,0
global.js,3,js,e41f81a8,ProXenon,2025-01-24,10:44:39,-08:00,2025-01-24T10:44:39-08:00,0,14
global.js,4,js,98be52b2,ProXenon,2025-01-24,15:26:21,-08:00,2025-01-24T15:26:21-08:00,0,40
global.js,5,js,98be52b2,ProXenon,2025-01-24,15:26:21,-08:00,2025-01-24T15:26:21-08:00,0,43
global.js,6,js,98be52b2,ProXenon,2025-01-24,15:26:21,-08:00,2025-01-24T15:26:21-08:00,0,44
global.js,7,js,e41f81a8,ProXenon,2025-01-24,10:44:39,-08:00,2025-01-24T10:44:39-08:00,0,54
global.js,8,js,98be52b2,ProXenon,2025-01-24,15:26:21,-08:00,2025-01-24T15:26:21-08:00,0,42
global.js,9,js,e41f81a8,ProXenon,2025-01-24,10:44:39,-08:00,2025-01-24T10:44:39-08:00,0,1
global.js,10,js,e41f81a8,ProXenon,2025-01-24,10:44:39,-08:00,2025-01-24T10:44:39-08:00,0,0
global.js,11,js,98be52b2,ProXenon,2025-01-24,15:26:21,-08:00,2025-01-24T15:26:21-08:00,0,23
global.js,12,js,98be52b2,ProXenon,2025-01-24,15:26:21,-08:00,2025-01-24T15:26:21-08:00,0,48
global.js,13,js,98be52b2,ProXenon,2025-01-24,15:26:21,-08:00,2025-01-24T15:26:21-08:00,0,40
global.js,14,js,e3ea0407,ProXenon,2025-01-24,11:40:16,-08:00,2025-01-24T11:40:16-08:00,0,0
global.js,15,js,e3ea0407,ProXenon,2025-01-24,11:40:16,-08:00,2025-01-24T11:40:16-08:00,0,0
global.js,16,js,e41f81a8,ProXenon,2025-01-24,10:44:39,-08:00,2025-01-24T10:44:39-08:00,0,41
global.js,17,js,e41f81a8,ProXenon,2025-01-24,10:44:39,-08:00,2025-01-24T10:44:39-08:00,0,26
global.js,18,js,e41f81a8,ProXenon,2025-01-24,10:44:39,-08:00,2025-01-24T10:44:39-08:00,0,0
global.js,19,js,e41f81a8,ProXenon,2025-01-24,10:44:39,-08:00,2025-01-24T10:44:39-08:00,0,21
global.js,20,js,e41f81a8,ProXenon,2025-01-24,10:44:39,-08:00,2025-01-24T10:44:39-08:00,0,22
global.js,21,js,e41f81a8,ProXenon,2025-01-24,10:44:39,-08:00,2025-01-24T10:44:39-08:00,0,0
global.js,22,js,98be52b2,ProXenon,2025-01-24,15:26:21,-08:00,2025-01-24T15:26:21-08:00,0,46
global.js,23,js,98be52b2,ProXenon,2025-01-24,15:26:21,-08:00,2025-01-24T15:26:21-08:00,0,17
global.js,24,js,e41f81a8,ProXenon,2025-01-24,10:44:39,-08:00,2025-01-24T10:44:39-08:00,0,0
global.js,25,js,e41f81a8,ProXenon,2025-01-24,10:44:39,-08:00,2025-01-24T10:44:39-08:00,0,0
global.js,26,js,98be52b2,ProXenon,2025-01-24,15:26:21,-08:00,2025-01-24T15:26:21-08:00,0,37
global.js,27,js,e41f81a8,ProXenon,2025-01-24,10:44:39,-08:00,2025-01-24T10:44:39-08:00,0,12
global.js,28,js,e41f81a8,ProXenon,2025-01-24,10:44:39,-08:00,2025-01-24T10:44:39-08:00,0,21
global.js,29,js,e41f81a8,ProXenon,2025-01-24,10:44:39,-08:00,2025-01-24T10:44:39-08:00,0,0
global.js,30,js,e41f81a8,ProXenon,2025-01-24,10:44:39,-08:00,2025-01-24T10:44:39-08:00,0,18
global.js,31,js,e41f81a8,ProXenon,2025-01-24,10:44:39,-08:00,2025-01-24T10:44:39-08:00,0,9
global.js,32,js,e41f81a8,ProXenon,2025-01-24,10:44:39,-08:00,2025-01-24T10:44:39-08:00,0,59
global.js,33,js,e41f81a8,ProXenon,2025-01-24,10:44:39,-08:00,2025-01-24T10:44:39-08:00,0,1
global.js,34,js,e41f81a8,ProXenon,2025-01-24,10:44:39,-08:00,2025-01-24T10:44:39-08:00,0,0
global.js,35,js,e41f81a8,ProXenon,2025-01-24,10:44:39,-08:00,2025-01-24T10:44:39-08:00,0,30
global.js,36,js,e41f81a8,ProXenon,2025-01-24,10:44:39,-08:00,2025-01-24T10:44:39-08:00,0,19
global.js,37,js,e41f81a8,ProXenon,2025-01-24,10:44:39,-08:00,2025-01-24T10:44:39-08:00,0,0
global.js,38,js,e41f81a8,ProXenon,2025-01-24,10:44:39,-08:00,2025-01-24T10:44:39-08:00,0,0
global.js,39,js,e41f81a8,ProXenon,2025-01-24,10:44:39,-08:00,2025-01-24T10:44:39-08:00,0,13
global.js,40,js,e41f81a8,ProXenon,2025-01-24,10:44:39,-08:00,2025-01-24T10:44:39-08:00,0,0
global.js,41,js,e41f81a8,ProXenon,2025-01-24,10:44:39,-08:00,2025-01-24T10:44:39-08:00,0,0
global.js,42,js,17d46f8e,ProXenon,2025-01-24,15:03:20,-08:00,2025-01-24T15:03:20-08:00,0,0
global.js,43,js,20482127,ProXenon,2025-01-24,15:07:44,-08:00,2025-01-24T15:07:44-08:00,0,0
global.js,44,js,98be52b2,ProXenon,2025-01-24,15:26:21,-08:00,2025-01-24T15:26:21-08:00,0,0
global.js,45,js,e41f81a8,ProXenon,2025-01-24,10:44:39,-08:00,2025-01-24T10:44:39-08:00,0,32
global.js,46,js,e41f81a8,ProXenon,2025-01-24,10:44:39,-08:00,2025-01-24T10:44:39-08:00,0,12
global.js,47,js,e41f81a8,ProXenon,2025-01-24,10:44:39,-08:00,2025-01-24T10:44:39-08:00,0,0
global.js,48,js,e41f81a8,ProXenon,2025-01-24,10:44:39,-08:00,2025-01-24T10:44:39-08:00,0,27
global.js,49,js,e41f81a8,ProXenon,2025-01-24,10:44:39,-08:00,2025-01-24T10:44:39-08:00,0,5
global.js,50,js,e41f81a8,ProXenon,2025-01-24,10:44:39,-08:00,2025-01-24T10:44:39-08:00,0,25
global.js,51,js,e41f81a8,ProXenon,2025-01-24,10:44:39,-08:00,2025-01-24T10:44:39-08:00,0,44
global.js,52,js,e41f81a8,ProXenon,2025-01-24,10:44:39,-08:00,2025-01-24T10:44:39-08:00,0,35
global.js,53,js,e41f81a8,ProXenon,2025-01-24,10:44:39,-08:00,2025-01-24T10:44:39-08:00,0,33
global.js,54,js,e41f81a8,ProXenon,2025-01-24,10:44:39,-08:00,2025-01-24T10:44:39-08:00,0,8
global.js,55,js,e41f81a8,ProXenon,2025-01-24,10:44:39,-08:00,2025-01-24T10:44:39-08:00,0,7
global.js,56,js,e41f81a8,ProXenon,2025-01-24,10:44:39,-08:00,2025-01-24T10:44:39-08:00,0,0
global.js,57,js,e41f81a8,ProXenon,2025-01-24,10:44:39,-08:00,2025-01-24T10:44:39-08:00,0,1
global.js,58,js,e41f81a8,ProXenon,2025-01-24,10:44:39,-08:00,2025-01-24T10:44:39-08:00,0,0
global.js,59,js,e41f81a8,ProXenon,2025-01-24,10:44:39,-08:00,2025-01-24T10:44:39-08:00,0,59
global.js,60,js,e41f81a8,ProXenon,2025-01-24,10:44:39,-08:00,2025-01-24T10:44:39-08:00,0,0
global.js,61,js,e41f81a8,ProXenon,2025-01-24,10:44:39,-08:00,2025-01-24T10:44:39-08:00,0,35
global.js,62,js,e41f81a8,ProXenon,2025-01-24,10:44:39,-08:00,2025-01-24T10:44:39-08:00,0,40
global.js,63,js,e41f81a8,ProXenon,2025-01-24,10:44:39,-08:00,2025-01-24T10:44:39-08:00,0,44
global.js,64,js,e41f81a8,ProXenon,2025-01-24,10:44:39,-08:00,2025-01-24T10:44:39-08:00,0,0
global.js,65,js,e41f81a8,ProXenon,2025-01-24,10:44:39,-08:00,2025-01-24T10:44:39-08:00,0,0
global.js,66,js,e41f81a8,ProXenon,2025-01-24,10:44:39,-08:00,2025-01-24T10:44:39-08:00,0,55
global.js,67,js,e41f81a8,ProXenon,2025-01-24,10:44:39,-08:00,2025-01-24T10:44:39-08:00,0,35
global.js,68,js,e41f81a8,ProXenon,2025-01-24,10:44:39,-08:00,2025-01-24T10:44:39-08:00,0,24
global.js,69,js,e41f81a8,ProXenon,2025-01-24,10:44:39,-08:00,2025-01-24T10:44:39-08:00,0,35
global.js,70,js,e41f81a8,ProXenon,2025-01-24,10:44:39,-08:00,2025-01-24T10:44:39-08:00,0,2
global.js,71,js,e41f81a8,ProXenon,2025-01-24,10:44:39,-08:00,2025-01-24T10:44:39-08:00,0,0
global.js,72,js,e41f81a8,ProXenon,2025-01-24,10:44:39,-08:00,2025-01-24T10:44:39-08:00,0,31
global.js,73,js,e41f81a8,ProXenon,2025-01-24,10:44:39,-08:00,2025-01-24T10:44:39-08:00,0,65
global.js,74,js,e41f81a8,ProXenon,2025-01-24,10:44:39,-08:00,2025-01-24T10:44:39-08:00,0,0
global.js,75,js,e41f81a8,ProXenon,2025-01-24,10:44:39,-08:00,2025-01-24T10:44:39-08:00,0,0
global.js,76,js,e41f81a8,ProXenon,2025-01-24,10:44:39,-08:00,2025-01-24T10:44:39-08:00,0,43
global.js,77,js,e41f81a8,ProXenon,2025-01-24,10:44:39,-08:00,2025-01-24T10:44:39-08:00,0,0
global.js,78,js,e41f81a8,ProXenon,2025-01-24,10:44:39,-08:00,2025-01-24T10:44:39-08:00,0,50
global.js,79,js,e41f81a8,ProXenon,2025-01-24,10:44:39,-08:00,2025-01-24T10:44:39-08:00,0,22
global.js,80,js,e41f81a8,ProXenon,2025-01-24,10:44:39,-08:00,2025-01-24T10:44:39-08:00,0,31
global.js,81,js,4fe0f48e,ProXenon,2025-01-25,21:08:51,-08:00,2025-01-25T21:08:51-08:00,0,21
global.js,82,js,e41f81a8,ProXenon,2025-01-24,10:44:39,-08:00,2025-01-24T10:44:39-08:00,0,21
global.js,83,js,e41f81a8,ProXenon,2025-01-24,10:44:39,-08:00,2025-01-24T10:44:39-08:00,0,0
global.js,84,js,e41f81a8,ProXenon,2025-01-24,10:44:39,-08:00,2025-01-24T10:44:39-08:00,0,32
global.js,85,js,e41f81a8,ProXenon,2025-01-24,10:44:39,-08:00,2025-01-24T10:44:39-08:00,0,46
global.js,86,js,e41f81a8,ProXenon,2025-01-24,10:44:39,-08:00,2025-01-24T10:44:39-08:00,0,29
global.js,87,js,e41f81a8,ProXenon,2025-01-24,10:44:39,-08:00,2025-01-24T10:44:39-08:00,0,18
global.js,88,js,e41f81a8,ProXenon,2025-01-24,10:44:39,-08:00,2025-01-24T10:44:39-08:00,0,32
global.js,89,js,e41f81a8,ProXenon,2025-01-24,10:44:39,-08:00,2025-01-24T10:44:39-08:00,0,0
global.js,90,js,4fe0f48e,ProXenon,2025-01-25,21:08:51,-08:00,2025-01-25T21:08:51-08:00,0,0
global.js,91,js,e41f81a8,ProXenon,2025-01-24,10:44:39,-08:00,2025-01-24T10:44:39-08:00,0,19
global.js,92,js,e41f81a8,ProXenon,2025-01-24,10:44:39,-08:00,2025-01-24T10:44:39-08:00,0,2
global.js,93,js,e41f81a8,ProXenon,2025-01-24,10:44:39,-08:00,2025-01-24T10:44:39-08:00,0,0
global.js,94,js,b4e1e110,ProXenon,2025-02-01,21:20:54,-08:00,2025-02-01T21:20:54-08:00,0,37
global.js,95,js,b4e1e110,ProXenon,2025-02-01,21:20:54,-08:00,2025-02-01T21:20:54-08:00,0,4
global.js,96,js,b4e1e110,ProXenon,2025-02-01,21:20:54,-08:00,2025-02-01T21:20:54-08:00,0,33
global.js,97,js,b4e1e110,ProXenon,2025-02-01,21:20:54,-08:00,2025-02-01T21:20:54-08:00,0,21
global.js,98,js,b4e1e110,ProXenon,2025-02-01,21:20:54,-08:00,2025-02-01T21:20:54-08:00,0,0
global.js,99,js,b4e1e110,ProXenon,2025-02-01,21:20:54,-08:00,2025-02-01T21:20:54-08:00,0,18
global.js,100,js,b4e1e110,ProXenon,2025-02-01,21:20:54,-08:00,2025-02-01T21:20:54-08:00,0,67
global.js,101,js,b4e1e110,ProXenon,2025-02-01,21:20:54,-08:00,2025-02-01T21:20:54-08:00,0,0
global.js,102,js,b4e1e110,ProXenon,2025-02-01,21:20:54,-08:00,2025-02-01T21:20:54-08:00,0,0
global.js,103,js,b4e1e110,ProXenon,2025-02-01,21:20:54,-08:00,2025-02-01T21:20:54-08:00,0,34
global.js,104,js,b4e1e110,ProXenon,2025-02-01,21:20:54,-08:00,2025-02-01T21:20:54-08:00,0,11
global.js,105,js,b4e1e110,ProXenon,2025-02-01,21:20:54,-08:00,2025-02-01T21:20:54-08:00,0,16
global.js,106,js,b4e1e110,ProXenon,2025-02-01,21:20:54,-08:00,2025-02-01T21:20:54-08:00,0,60
global.js,107,js,b4e1e110,ProXenon,2025-02-01,21:20:54,-08:00,2025-02-01T21:20:54-08:00,0,9
global.js,108,js,b4e1e110,ProXenon,2025-02-01,21:20:54,-08:00,2025-02-01T21:20:54-08:00,0,0
global.js,109,js,b4e1e110,ProXenon,2025-02-01,21:20:54,-08:00,2025-02-01T21:20:54-08:00,0,0
global.js,110,js,b4e1e110,ProXenon,2025-02-01,21:20:54,-08:00,2025-02-01T21:20:54-08:00,0,0
global.js,111,js,b4e1e110,ProXenon,2025-02-01,21:20:54,-08:00,2025-02-01T21:20:54-08:00,0,80
global.js,112,js,b4e1e110,ProXenon,2025-02-01,21:20:54,-08:00,2025-02-01T21:20:54-08:00,0,23
global.js,113,js,219133e1,ProXenon,2025-02-07,22:17:25,-08:00,2025-02-07T22:17:25-08:00,0,42
global.js,114,js,219133e1,ProXenon,2025-02-07,22:17:25,-08:00,2025-02-07T22:17:25-08:00,0,6
global.js,115,js,b4e1e110,ProXenon,2025-02-01,21:20:54,-08:00,2025-02-01T21:20:54-08:00,0,0
global.js,116,js,219133e1,ProXenon,2025-02-07,22:17:25,-08:00,2025-02-07T22:17:25-08:00,0,0
global.js,117,js,b4e1e110,ProXenon,2025-02-01,21:20:54,-08:00,2025-02-01T21:20:54-08:00,0,31
global.js,118,js,219133e1,ProXenon,2025-02-07,22:17:25,-08:00,2025-02-07T22:17:25-08:00,0,0
global.js,119,js,b4e1e110,ProXenon,2025-02-01,21:20:54,-08:00,2025-02-01T21:20:54-08:00,0,40
global.js,120,js,219133e1,ProXenon,2025-02-07,22:17:25,-08:00,2025-02-07T22:17:25-08:00,0,56
global.js,121,js,219133e1,ProXenon,2025-02-07,22:17:25,-08:00,2025-02-07T22:17:25-08:00,0,6
global.js,122,js,b4e1e110,ProXenon,2025-02-01,21:20:54,-08:00,2025-02-01T21:20:54-08:00,0,0
global.js,123,js,219133e1,ProXenon,2025-02-07,22:17:25,-08:00,2025-02-07T22:17:25-08:00,0,0
global.js,124,js,b4e1e110,ProXenon,2025-02-01,21:20:54,-08:00,2025-02-01T21:20:54-08:00,0,28
global.js,125,js,219133e1,ProXenon,2025-02-07,22:17:25,-08:00,2025-02-07T22:17:25-08:00,0,49
global.js,126,js,219133e1,ProXenon,2025-02-07,22:17:25,-08:00,2025-02-07T22:17:25-08:00,0,20
global.js,127,js,219133e1,ProXenon,2025-02-07,22:17:25,-08:00,2025-02-07T22:17:25-08:00,0,50
global.js,128,js,219133e1,ProXenon,2025-02-07,22:17:25,-08:00,2025-02-07T22:17:25-08:00,0,50
global.js,129,js,219133e1,ProXenon,2025-02-07,22:17:25,-08:00,2025-02-07T22:17:25-08:00,0,28
global.js,130,js,219133e1,ProXenon,2025-02-07,22:17:25,-08:00,2025-02-07T22:17:25-08:00,0,48
global.js,131,js,219133e1,ProXenon,2025-02-07,22:17:25,-08:00,2025-02-07T22:17:25-08:00,0,40
global.js,132,js,219133e1,ProXenon,2025-02-07,22:17:25,-08:00,2025-02-07T22:17:25-08:00,0,5
global.js,133,js,219133e1,ProXenon,2025-02-07,22:17:25,-08:00,2025-02-07T22:17:25-08:00,0,1
global.js,134,js,219133e1,ProXenon,2025-02-07,22:17:25,-08:00,2025-02-07T22:17:25-08:00,0,37
global.js,135,js,b4e1e110,ProXenon,2025-02-01,21:20:54,-08:00,2025-02-01T21:20:54-08:00,0,2
global.js,136,js,b4e1e110,ProXenon,2025-02-01,21:20:54,-08:00,2025-02-01T21:20:54-08:00,0,0
global.js,137,js,b4e1e110,ProXenon,2025-02-01,21:20:54,-08:00,2025-02-01T21:20:54-08:00,0,0
global.js,138,js,b4e1e110,ProXenon,2025-02-01,21:20:54,-08:00,2025-02-01T21:20:54-08:00,0,0
global.js,139,js,219133e1,ProXenon,2025-02-07,22:17:25,-08:00,2025-02-07T22:17:25-08:00,0,0
global.js,140,js,b4e1e110,ProXenon,2025-02-01,21:20:54,-08:00,2025-02-01T21:20:54-08:00,0,48
global.js,141,js,b4e1e110,ProXenon,2025-02-01,21:20:54,-08:00,2025-02-01T21:20:54-08:00,0,60
global.js,142,js,b4e1e110,ProXenon,2025-02-01,21:20:54,-08:00,2025-02-01T21:20:54-08:00,0,0
global.js,143,js,b4e1e110,ProXenon,2025-02-01,21:20:54,-08:00,2025-02-01T21:20:54-08:00,0,0
projects/projects.js,1,js,b4e1e110,ProXenon,2025-02-01,21:20:54,-08:00,2025-02-01T21:20:54-08:00,0,56
projects/projects.js,2,js,219133e1,ProXenon,2025-02-07,22:17:25,-08:00,2025-02-07T22:17:25-08:00,0,64
projects/projects.js,3,js,b4e1e110,ProXenon,2025-02-01,21:20:54,-08:00,2025-02-01T21:20:54-08:00,0,0
projects/projects.js,4,js,219133e1,ProXenon,2025-02-07,22:17:25,-08:00,2025-02-07T22:17:25-08:00,0,29
projects/projects.js,5,js,219133e1,ProXenon,2025-02-07,22:17:25,-08:00,2025-02-07T22:17:25-08:00,0,42
projects/projects.js,6,js,219133e1,ProXenon,2025-02-07,22:17:25,-08:00,2025-02-07T22:17:25-08:00,0,57
projects/projects.js,7,js,219133e1,ProXenon,2025-02-07,22:17:25,-08:00,2025-02-07T22:17:25-08:00,0,77
projects/projects.js,8,js,219133e1,ProXenon,2025-02-07,22:17:25,-08:00,2025-02-07T22:17:25-08:00,0,0
projects/projects.js,9,js,219133e1,ProXenon,2025-02-07,22:17:25,-08:00,2025-02-07T22:17:25-08:00,0,55
projects/projects.js,10,js,219133e1,ProXenon,2025-02-07,22:17:25,-08:00,2025-02-07T22:17:25-08:00,0,61
projects/projects.js,11,js,219133e1,ProXenon,2025-02-07,22:17:25,-08:00,2025-02-07T22:17:25-08:00,0,20
projects/projects.js,12,js,219133e1,ProXenon,2025-02-07,22:17:25,-08:00,2025-02-07T22:17:25-08:00,0,23
projects/projects.js,13,js,219133e1,ProXenon,2025-02-07,22:17:25,-08:00,2025-02-07T22:17:25-08:00,0,0
projects/projects.js,14,js,219133e1,ProXenon,2025-02-07,22:17:25,-08:00,2025-02-07T22:17:25-08:00,0,39
projects/projects.js,15,js,219133e1,ProXenon,2025-02-07,22:17:25,-08:00,2025-02-07T22:17:25-08:00,0,61
projects/projects.js,16,js,219133e1,ProXenon,2025-02-07,22:17:25,-08:00,2025-02-07T22:17:25-08:00,0,0
projects/projects.js,17,js,219133e1,ProXenon,2025-02-07,22:17:25,-08:00,2025-02-07T22:17:25-08:00,0,31
projects/projects.js,18,js,219133e1,ProXenon,2025-02-07,22:17:25,-08:00,2025-02-07T22:17:25-08:00,0,30
projects/projects.js,19,js,219133e1,ProXenon,2025-02-07,22:17:25,-08:00,2025-02-07T22:17:25-08:00,0,31
projects/projects.js,20,js,219133e1,ProXenon,2025-02-07,22:17:25,-08:00,2025-02-07T22:17:25-08:00,0,85
projects/projects.js,21,js,219133e1,ProXenon,2025-02-07,22:17:25,-08:00,2025-02-07T22:17:25-08:00,0,33
projects/projects.js,22,js,219133e1,ProXenon,2025-02-07,22:17:25,-08:00,2025-02-07T22:17:25-08:00,0,30
projects/projects.js,23,js,219133e1,ProXenon,2025-02-07,22:17:25,-08:00,2025-02-07T22:17:25-08:00,0,50
projects/projects.js,24,js,219133e1,ProXenon,2025-02-07,22:17:25,-08:00,2025-02-07T22:17:25-08:00,0,62
projects/projects.js,25,js,219133e1,ProXenon,2025-02-07,22:17:25,-08:00,2025-02-07T22:17:25-08:00,0,36
projects/projects.js,26,js,219133e1,ProXenon,2025-02-07,22:17:25,-08:00,2025-02-07T22:17:25-08:00,0,2
projects/projects.js,27,js,219133e1,ProXenon,2025-02-07,22:17:25,-08:00,2025-02-07T22:17:25-08:00,0,24
projects/projects.js,28,js,219133e1,ProXenon,2025-02-07,22:17:25,-08:00,2025-02-07T22:17:25-08:00,0,67
projects/projects.js,29,js,219133e1,ProXenon,2025-02-07,22:17:25,-08:00,2025-02-07T22:17:25-08:00,0,0
projects/projects.js,30,js,219133e1,ProXenon,2025-02-07,22:17:25,-08:00,2025-02-07T22:17:25-08:00,0,49
projects/projects.js,31,js,219133e1,ProXenon,2025-02-07,22:17:25,-08:00,2025-02-07T22:17:25-08:00,0,0
projects/projects.js,32,js,219133e1,ProXenon,2025-02-07,22:17:25,-08:00,2025-02-07T22:17:25-08:00,0,0
projects/projects.js,33,js,219133e1,ProXenon,2025-02-07,22:17:25,-08:00,2025-02-07T22:17:25-08:00,0,31
projects/projects.js,34,js,219133e1,ProXenon,2025-02-07,22:17:25,-08:00,2025-02-07T22:17:25-08:00,0,30
projects/projects.js,35,js,219133e1,ProXenon,2025-02-07,22:17:25,-08:00,2025-02-07T22:17:25-08:00,0,31
projects/projects.js,36,js,219133e1,ProXenon,2025-02-07,22:17:25,-08:00,2025-02-07T22:17:25-08:00,0,69
projects/projects.js,37,js,219133e1,ProXenon,2025-02-07,22:17:25,-08:00,2025-02-07T22:17:25-08:00,0,89
projects/projects.js,38,js,219133e1,ProXenon,2025-02-07,22:17:25,-08:00,2025-02-07T22:17:25-08:00,0,30
projects/projects.js,39,js,219133e1,ProXenon,2025-02-07,22:17:25,-08:00,2025-02-07T22:17:25-08:00,0,43
projects/projects.js,40,js,219133e1,ProXenon,2025-02-07,22:17:25,-08:00,2025-02-07T22:17:25-08:00,0,29
projects/projects.js,41,js,219133e1,ProXenon,2025-02-07,22:17:25,-08:00,2025-02-07T22:17:25-08:00,0,16
projects/projects.js,42,js,219133e1,ProXenon,2025-02-07,22:17:25,-08:00,2025-02-07T22:17:25-08:00,0,13
projects/projects.js,43,js,219133e1,ProXenon,2025-02-07,22:17:25,-08:00,2025-02-07T22:17:25-08:00,0,10
projects/projects.js,44,js,219133e1,ProXenon,2025-02-07,22:17:25,-08:00,2025-02-07T22:17:25-08:00,0,1
projects/projects.js,45,js,219133e1,ProXenon,2025-02-07,22:17:25,-08:00,2025-02-07T22:17:25-08:00,0,0
projects/projects.js,46,js,219133e1,ProXenon,2025-02-07,22:17:25,-08:00,2025-02-07T22:17:25-08:00,0,50
projects/projects.js,47,js,219133e1,ProXenon,2025-02-07,22:17:25,-08:00,2025-02-07T22:17:25-08:00,0,82
projects/projects.js,48,js,219133e1,ProXenon,2025-02-07,22:17:25,-08:00,2025-02-07T22:17:25-08:00,0,0
projects/projects.js,49,js,219133e1,ProXenon,2025-02-07,22:17:25,-08:00,2025-02-07T22:17:25-08:00,0,47
projects/projects.js,50,js,219133e1,ProXenon,2025-02-07,22:17:25,-08:00,2025-02-07T22:17:25-08:00,0,51
projects/projects.js,51,js,219133e1,ProXenon,2025-02-07,22:17:25,-08:00,2025-02-07T22:17:25-08:00,0,45
projects/projects.js,52,js,219133e1,ProXenon,2025-02-07,22:17:25,-08:00,2025-02-07T22:17:25-08:00,0,0
projects/projects.js,53,js,219133e1,ProXenon,2025-02-07,22:17:25,-08:00,2025-02-07T22:17:25-08:00,0,57
projects/projects.js,54,js,219133e1,ProXenon,2025-02-07,22:17:25,-08:00,2025-02-07T22:17:25-08:00,0,28
projects/projects.js,55,js,219133e1,ProXenon,2025-02-07,22:17:25,-08:00,2025-02-07T22:17:25-08:00,0,14
projects/projects.js,56,js,219133e1,ProXenon,2025-02-07,22:17:25,-08:00,2025-02-07T22:17:25-08:00,0,16
projects/projects.js,57,js,219133e1,ProXenon,2025-02-07,22:17:25,-08:00,2025-02-07T22:17:25-08:00,0,0
projects/projects.js,58,js,219133e1,ProXenon,2025-02-07,22:17:25,-08:00,2025-02-07T22:17:25-08:00,0,25
projects/projects.js,59,js,219133e1,ProXenon,2025-02-07,22:17:25,-08:00,2025-02-07T22:17:25-08:00,0,50
projects/projects.js,60,js,219133e1,ProXenon,2025-02-07,22:17:25,-08:00,2025-02-07T22:17:25-08:00,0,0
projects/projects.js,61,js,219133e1,ProXenon,2025-02-07,22:17:25,-08:00,2025-02-07T22:17:25-08:00,0,56
projects/projects.js,62,js,219133e1,ProXenon,2025-02-07,22:17:25,-08:00,2025-02-07T22:17:25-08:00,0,43
projects/projects.js,63,js,219133e1,ProXenon,2025-02-07,22:17:25,-08:00,2025-02-07T22:17:25-08:00,0,36
projects/projects.js,64,js,219133e1,ProXenon,2025-02-07,22:17:25,-08:00,2025-02-07T22:17:25-08:00,0,0
projects/projects.js,65,js,219133e1,ProXenon,2025-02-07,22:17:25,-08:00,2025-02-07T22:17:25-08:00,0,51
projects/projects.js,66,js,219133e1,ProXenon,2025-02-07,22:17:25,-08:00,2025-02-07T22:17:25-08:00,0,35
projects/projects.js,67,js,219133e1,ProXenon,2025-02-07,22:17:25,-08:00,2025-02-07T22:17:25-08:00,0,37
projects/projects.js,68,js,219133e1,ProXenon,2025-02-07,22:17:25,-08:00,2025-02-07T22:17:25-08:00,0,0
projects/projects.js,69,js,219133e1,ProXenon,2025-02-07,22:17:25,-08:00,2025-02-07T22:17:25-08:00,0,51
projects/projects.js,70,js,219133e1,ProXenon,2025-02-07,22:17:25,-08:00,2025-02-07T22:17:25-08:00,0,28
projects/projects.js,71,js,219133e1,ProXenon,2025-02-07,22:17:25,-08:00,2025-02-07T22:17:25-08:00,0,23
projects/projects.js,72,js,219133e1,ProXenon,2025-02-07,22:17:25,-08:00,2025-02-07T22:17:25-08:00,0,26
projects/projects.js,73,js,219133e1,ProXenon,2025-02-07,22:17:25,-08:00,2025-02-07T22:17:25-08:00,0,25
projects/projects.js,74,js,219133e1,ProXenon,2025-02-07,22:17:25,-08:00,2025-02-07T22:17:25-08:00,0,25
projects/projects.js,75,js,219133e1,ProXenon,2025-02-07,22:17:25,-08:00,2025-02-07T22:17:25-08:00,0,19
projects/projects.js,76,js,219133e1,ProXenon,2025-02-07,22:17:25,-08:00,2025-02-07T22:17:25-08:00,0,44
projects/projects.js,77,js,219133e1,ProXenon,2025-02-07,22:17:25,-08:00,2025-02-07T22:17:25-08:00,0,27
projects/projects.js,78,js,219133e1,ProXenon,2025-02-07,22:17:25,-08:00,2025-02-07T22:17:25-08:00,0,62
projects/projects.js,79,js,219133e1,ProXenon,2025-02-07,22:17:25,-08:00,2025-02-07T22:17:25-08:00,0,23
projects/projects.js,80,js,219133e1,ProXenon,2025-02-07,22:17:25,-08:00,2025-02-07T22:17:25-08:00,0,20
projects/projects.js,81,js,219133e1,ProXenon,2025-02-07,22:17:25,-08:00,2025-02-07T22:17:25-08:00,0,2
projects/projects.js,82,js,219133e1,ProXenon,2025-02-07,22:17:25,-08:00,2025-02-07T22:17:25-08:00,0,2
projects/projects.js,83,js,219133e1,ProXenon,2025-02-07,22:17:25,-08:00,2025-02-07T22:17:25-08:00,0,0
projects/projects.js,84,js,219133e1,ProXenon,2025-02-07,22:17:25,-08:00,2025-02-07T22:17:25-08:00,0,63
projects/projects.js,85,js,219133e1,ProXenon,2025-02-07,22:17:25,-08:00,2025-02-07T22:17:25-08:00,0,34
projects/projects.js,86,js,219133e1,ProXenon,2025-02-07,22:17:25,-08:00,2025-02-07T22:17:25-08:00,0,24
projects/projects.js,87,js,219133e1,ProXenon,2025-02-07,22:17:25,-08:00,2025-02-07T22:17:25-08:00,0,39
projects/projects.js,88,js,219133e1,ProXenon,2025-02-07,22:17:25,-08:00,2025-02-07T22:17:25-08:00,0,28
projects/projects.js,89,js,219133e1,ProXenon,2025-02-07,22:17:25,-08:00,2025-02-07T22:17:25-08:00,0,69
projects/projects.js,90,js,219133e1,ProXenon,2025-02-07,22:17:25,-08:00,2025-02-07T22:17:25-08:00,0,25
projects/projects.js,91,js,219133e1,ProXenon,2025-02-07,22:17:25,-08:00,2025-02-07T22:17:25-08:00,0,19
projects/projects.js,92,js,219133e1,ProXenon,2025-02-07,22:17:25,-08:00,2025-02-07T22:17:25-08:00,0,27
projects/projects.js,93,js,219133e1,ProXenon,2025-02-07,22:17:25,-08:00,2025-02-07T22:17:25-08:00,0,62
projects/projects.js,94,js,219133e1,ProXenon,2025-02-07,22:17:25,-08:00,2025-02-07T22:17:25-08:00,0,23
projects/projects.js,95,js,219133e1,ProXenon,2025-02-07,22:17:25,-08:00,2025-02-07T22:17:25-08:00,0,20
projects/projects.js,96,js,219133e1,ProXenon,2025-02-07,22:17:25,-08:00,2025-02-07T22:17:25-08:00,0,2
projects/projects.js,97,js,219133e1,ProXenon,2025-02-07,22:17:25,-08:00,2025-02-07T22:17:25-08:00,0,2
projects/projects.js,98,js,219133e1,ProXenon,2025-02-07,22:17:25,-08:00,2025-02-07T22:17:25-08:00,0,0
projects/projects.js,99,js,219133e1,ProXenon,2025-02-07,22:17:25,-08:00,2025-02-07T22:17:25-08:00,0,0
projects/projects.js,100,js,219133e1,ProXenon,2025-02-07,22:17:25,-08:00,2025-02-07T22:17:25-08:00,0,31
projects/projects.js,101,js,219133e1,ProXenon,2025-02-07,22:17:25,-08:00,2025-02-07T22:17:25-08:00,0,31
projects/projects.js,102,js,219133e1,ProXenon,2025-02-07,22:17:25,-08:00,2025-02-07T22:17:25-08:00,0,31
projects/projects.js,103,js,219133e1,ProXenon,2025-02-07,22:17:25,-08:00,2025-02-07T22:17:25-08:00,0,74
projects/projects.js,104,js,219133e1,ProXenon,2025-02-07,22:17:25,-08:00,2025-02-07T22:17:25-08:00,0,75
projects/projects.js,105,js,219133e1,ProXenon,2025-02-07,22:17:25,-08:00,2025-02-07T22:17:25-08:00,0,33
projects/projects.js,106,js,219133e1,ProXenon,2025-02-07,22:17:25,-08:00,2025-02-07T22:17:25-08:00,0,24
projects/projects.js,107,js,219133e1,ProXenon,2025-02-07,22:17:25,-08:00,2025-02-07T22:17:25-08:00,0,26
projects/projects.js,108,js,219133e1,ProXenon,2025-02-07,22:17:25,-08:00,2025-02-07T22:17:25-08:00,0,25
projects/projects.js,109,js,219133e1,ProXenon,2025-02-07,22:17:25,-08:00,2025-02-07T22:17:25-08:00,0,63
projects/projects.js,110,js,219133e1,ProXenon,2025-02-07,22:17:25,-08:00,2025-02-07T22:17:25-08:00,0,2
projects/projects.js,111,js,219133e1,ProXenon,2025-02-07,22:17:25,-08:00,2025-02-07T22:17:25-08:00,0,0
projects/projects.js,112,js,219133e1,ProXenon,2025-02-07,22:17:25,-08:00,2025-02-07T22:17:25-08:00,0,26
projects/projects.js,113,js,219133e1,ProXenon,2025-02-07,22:17:25,-08:00,2025-02-07T22:17:25-08:00,0,27
projects/projects.js,114,js,219133e1,ProXenon,2025-02-07,22:17:25,-08:00,2025-02-07T22:17:25-08:00,0,25
projects/projects.js,115,js,219133e1,ProXenon,2025-02-07,22:17:25,-08:00,2025-02-07T22:17:25-08:00,0,86
projects/projects.js,116,js,219133e1,ProXenon,2025-02-07,22:17:25,-08:00,2025-02-07T22:17:25-08:00,0,2
projects/projects.js,117,js,219133e1,ProXenon,2025-02-07,22:17:25,-08:00,2025-02-07T22:17:25-08:00,0,0
projects/projects.js,118,js,219133e1,ProXenon,2025-02-07,22:17:25,-08:00,2025-02-07T22:17:25-08:00,0,0
projects/projects.js,119,js,219133e1,ProXenon,2025-02-07,22:17:25,-08:00,2025-02-07T22:17:25-08:00,0,31
projects/projects.js,120,js,219133e1,ProXenon,2025-02-07,22:17:25,-08:00,2025-02-07T22:17:25-08:00,0,16
projects/projects.js,121,js,219133e1,ProXenon,2025-02-07,22:17:25,-08:00,2025-02-07T22:17:25-08:00,0,31
projects/projects.js,122,js,b4e1e110,ProXenon,2025-02-01,21:20:54,-08:00,2025-02-01T21:20:54-08:00,0,30
projects/projects.js,123,js,219133e1,ProXenon,2025-02-07,22:17:25,-08:00,2025-02-07T22:17:25-08:00,0,4
projects/projects.js,124,js,219133e1,ProXenon,2025-02-07,22:17:25,-08:00,2025-02-07T22:17:25-08:00,0,44
projects/projects.js,125,js,219133e1,ProXenon,2025-02-07,22:17:25,-08:00,2025-02-07T22:17:25-08:00,0,56
projects/projects.js,126,js,219133e1,ProXenon,2025-02-07,22:17:25,-08:00,2025-02-07T22:17:25-08:00,0,62
projects/projects.js,127,js,219133e1,ProXenon,2025-02-07,22:17:25,-08:00,2025-02-07T22:17:25-08:00,0,0
projects/projects.js,128,js,219133e1,ProXenon,2025-02-07,22:17:25,-08:00,2025-02-07T22:17:25-08:00,0,49
projects/projects.js,129,js,219133e1,ProXenon,2025-02-07,22:17:25,-08:00,2025-02-07T22:17:25-08:00,0,41
projects/projects.js,130,js,219133e1,ProXenon,2025-02-07,22:17:25,-08:00,2025-02-07T22:17:25-08:00,0,51
projects/projects.js,131,js,b4e1e110,ProXenon,2025-02-01,21:20:54,-08:00,2025-02-01T21:20:54-08:00,0,0
projects/projects.js,132,js,219133e1,ProXenon,2025-02-07,22:17:25,-08:00,2025-02-07T22:17:25-08:00,0,0
projects/projects.js,133,js,219133e1,ProXenon,2025-02-07,22:17:25,-08:00,2025-02-07T22:17:25-08:00,0,33
projects/projects.js,134,js,219133e1,ProXenon,2025-02-07,22:17:25,-08:00,2025-02-07T22:17:25-08:00,0,20
projects/projects.js,135,js,219133e1,ProXenon,2025-02-07,22:17:25,-08:00,2025-02-07T22:17:25-08:00,0,55
projects/projects.js,136,js,219133e1,ProXenon,2025-02-07,22:17:25,-08:00,2025-02-07T22:17:25-08:00,0,20
projects/projects.js,137,js,219133e1,ProXenon,2025-02-07,22:17:25,-08:00,2025-02-07T22:17:25-08:00,0,0
projects/projects.js,138,js,219133e1,ProXenon,2025-02-07,22:17:25,-08:00,2025-02-07T22:17:25-08:00,0,51
projects/projects.js,139,js,219133e1,ProXenon,2025-02-07,22:17:25,-08:00,2025-02-07T22:17:25-08:00,0,56
projects/projects.js,140,js,219133e1,ProXenon,2025-02-07,22:17:25,-08:00,2025-02-07T22:17:25-08:00,0,49
projects/projects.js,141,js,219133e1,ProXenon,2025-02-07,22:17:25,-08:00,2025-02-07T22:17:25-08:00,0,54
projects/projects.js,142,js,219133e1,ProXenon,2025-02-07,22:17:25,-08:00,2025-02-07T22:17:25-08:00,0,20
projects/projects.js,143,js,219133e1,ProXenon,2025-02-07,22:17:25,-08:00,2025-02-07T22:17:25-08:00,0,2
projects/projects.js,144,js,219133e1,ProXenon,2025-02-07,22:17:25,-08:00,2025-02-07T22:17:25-08:00,0,0
projects/projects.js,145,js,219133e1,ProXenon,2025-02-07,22:17:25,-08:00,2025-02-07T22:17:25-08:00,0,16
projects/projects.js,146,js,219133e1,ProXenon,2025-02-07,22:17:25,-08:00,2025-02-07T22:17:25-08:00,0,52
projects/projects.js,147,js,219133e1,ProXenon,2025-02-07,22:17:25,-08:00,2025-02-07T22:17:25-08:00,0,0
projects/projects.js,148,js,b4e1e110,ProXenon,2025-02-01,21:20:54,-08:00,2025-02-01T21:20:54-08:00,0,0
projects/projects.js,149,js,b4e1e110,ProXenon,2025-02-01,21:20:54,-08:00,2025-02-01T21:20:54-08:00,0,0
projects/projects.js,150,js,219133e1,ProXenon,2025-02-07,22:17:25,-08:00,2025-02-07T22:17:25-08:00,0,14
projects/index.html,1,html,7c95774a,ProXenon,2025-01-08,10:20:47,-08:00,2025-01-08T10:20:47-08:00,0,14
projects/index.html,2,html,7c95774a,ProXenon,2025-01-08,10:20:47,-08:00,2025-01-08T10:20:47-08:00,0,15
projects/index.html,3,html,7c95774a,ProXenon,2025-01-08,10:20:47,-08:00,2025-01-08T10:20:47-08:00,0,5
projects/index.html,4,html,219133e1,ProXenon,2025-02-07,22:17:25,-08:00,2025-02-07T22:17:25-08:00,0,23
projects/index.html,5,html,219133e1,ProXenon,2025-02-07,22:17:25,-08:00,2025-02-07T22:17:25-08:00,0,71
projects/index.html,6,html,219133e1,ProXenon,2025-02-07,22:17:25,-08:00,2025-02-07T22:17:25-08:00,0,22
projects/index.html,7,html,219133e1,ProXenon,2025-02-07,22:17:25,-08:00,2025-02-07T22:17:25-08:00,0,44
projects/index.html,8,html,219133e1,ProXenon,2025-02-07,22:17:25,-08:00,2025-02-07T22:17:25-08:00,0,49
projects/index.html,9,html,219133e1,ProXenon,2025-02-07,22:17:25,-08:00,2025-02-07T22:17:25-08:00,0,48
projects/index.html,10,html,7c95774a,ProXenon,2025-01-08,10:20:47,-08:00,2025-01-08T10:20:47-08:00,0,6
projects/index.html,11,html,7c95774a,ProXenon,2025-01-08,10:20:47,-08:00,2025-01-08T10:20:47-08:00,0,5
projects/index.html,12,html,b4e1e110,ProXenon,2025-02-01,21:20:54,-08:00,2025-02-01T21:20:54-08:00,0,39
projects/index.html,13,html,219133e1,ProXenon,2025-02-07,22:17:25,-08:00,2025-02-07T22:17:25-08:00,0,22
projects/index.html,14,html,219133e1,ProXenon,2025-02-07,22:17:25,-08:00,2025-02-07T22:17:25-08:00,0,59
projects/index.html,15,html,219133e1,ProXenon,2025-02-07,22:17:25,-08:00,2025-02-07T22:17:25-08:00,0,23
projects/index.html,16,html,219133e1,ProXenon,2025-02-07,22:17:25,-08:00,2025-02-07T22:17:25-08:00,0,5
projects/index.html,17,html,219133e1,ProXenon,2025-02-07,22:17:25,-08:00,2025-02-07T22:17:25-08:00,0,0
projects/index.html,18,html,219133e1,ProXenon,2025-02-07,22:17:25,-08:00,2025-02-07T22:17:25-08:00,0,48
projects/index.html,19,html,219133e1,ProXenon,2025-02-07,22:17:25,-08:00,2025-02-07T22:17:25-08:00,0,5
projects/index.html,20,html,219133e1,ProXenon,2025-02-07,22:17:25,-08:00,2025-02-07T22:17:25-08:00,0,16
projects/index.html,21,html,219133e1,ProXenon,2025-02-07,22:17:25,-08:00,2025-02-07T22:17:25-08:00,0,12
projects/index.html,22,html,219133e1,ProXenon,2025-02-07,22:17:25,-08:00,2025-02-07T22:17:25-08:00,0,27
projects/index.html,23,html,219133e1,ProXenon,2025-02-07,22:17:25,-08:00,2025-02-07T22:17:25-08:00,0,32
projects/index.html,24,html,219133e1,ProXenon,2025-02-07,22:17:25,-08:00,2025-02-07T22:17:25-08:00,0,1
projects/index.html,25,html,219133e1,ProXenon,2025-02-07,22:17:25,-08:00,2025-02-07T22:17:25-08:00,0,0
projects/index.html,26,html,219133e1,ProXenon,2025-02-07,22:17:25,-08:00,2025-02-07T22:17:25-08:00,0,27
projects/index.html,27,html,7c95774a,ProXenon,2025-01-08,10:20:47,-08:00,2025-01-08T10:20:47-08:00,0,6
projects/index.html,28,html,219133e1,ProXenon,2025-02-07,22:17:25,-08:00,2025-02-07T22:17:25-08:00,0,6
contact/index.html,1,html,7c95774a,ProXenon,2025-01-08,10:20:47,-08:00,2025-01-08T10:20:47-08:00,0,14
contact/index.html,2,html,7c95774a,ProXenon,2025-01-08,10:20:47,-08:00,2025-01-08T10:20:47-08:00,0,15
contact/index.html,3,html,7c95774a,ProXenon,2025-01-08,10:20:47,-08:00,2025-01-08T10:20:47-08:00,0,5
contact/index.html,4,html,7c95774a,ProXenon,2025-01-08,10:20:47,-08:00,2025-01-08T10:20:47-08:00,0,21
contact/index.html,5,html,7c95774a,ProXenon,2025-01-08,10:20:47,-08:00,2025-01-08T10:20:47-08:00,0,69
contact/index.html,6,html,7c95774a,ProXenon,2025-01-08,10:20:47,-08:00,2025-01-08T10:20:47-08:00,0,33
contact/index.html,7,html,d35c6f8d,ProXenon,2025-01-17,09:21:37,-08:00,2025-01-17T09:21:37-08:00,0,42
contact/index.html,8,html,e41f81a8,ProXenon,2025-01-24,10:44:39,-08:00,2025-01-24T10:44:39-08:00,0,49
contact/index.html,9,html,7c95774a,ProXenon,2025-01-08,10:20:47,-08:00,2025-01-08T10:20:47-08:00,0,6
contact/index.html,10,html,7c95774a,ProXenon,2025-01-08,10:20:47,-08:00,2025-01-08T10:20:47-08:00,0,5
contact/index.html,11,html,e41f81a8,ProXenon,2025-01-24,10:44:39,-08:00,2025-01-24T10:44:39-08:00,0,37
contact/index.html,12,html,62cd9ab0,ProXenon,2025-01-17,21:47:06,-08:00,2025-01-17T21:47:06-08:00,0,6
contact/index.html,13,html,62cd9ab0,ProXenon,2025-01-17,21:47:06,-08:00,2025-01-17T21:47:06-08:00,0,5
contact/index.html,14,html,62cd9ab0,ProXenon,2025-01-17,21:47:06,-08:00,2025-01-17T21:47:06-08:00,0,32
contact/index.html,15,html,62cd9ab0,ProXenon,2025-01-17,21:47:06,-08:00,2025-01-17T21:47:06-08:00,0,7
contact/index.html,16,html,62cd9ab0,ProXenon,2025-01-17,21:47:06,-08:00,2025-01-17T21:47:06-08:00,0,6
contact/index.html,17,html,62cd9ab0,ProXenon,2025-01-17,21:47:06,-08:00,2025-01-17T21:47:06-08:00,0,7
contact/index.html,18,html,62cd9ab0,ProXenon,2025-01-17,21:47:06,-08:00,2025-01-17T21:47:06-08:00,0,21
contact/index.html,19,html,62cd9ab0,ProXenon,2025-01-17,21:47:06,-08:00,2025-01-17T21:47:06-08:00,0,7
contact/index.html,20,html,62cd9ab0,ProXenon,2025-01-17,21:47:06,-08:00,2025-01-17T21:47:06-08:00,0,6
contact/index.html,21,html,62cd9ab0,ProXenon,2025-01-17,21:47:06,-08:00,2025-01-17T21:47:06-08:00,0,4
contact/index.html,22,html,62cd9ab0,ProXenon,2025-01-17,21:47:06,-08:00,2025-01-17T21:47:06-08:00,0,51
contact/index.html,23,html,62cd9ab0,ProXenon,2025-01-17,21:47:06,-08:00,2025-01-17T21:47:06-08:00,0,7
contact/index.html,24,html,ddab867e,ProXenon,2025-01-08,11:42:04,-08:00,2025-01-08T11:42:04-08:00,0,22
contact/index.html,25,html,ddab867e,ProXenon,2025-01-08,11:42:04,-08:00,2025-01-08T11:42:04-08:00,0,6
contact/index.html,26,html,7c95774a,ProXenon,2025-01-08,10:20:47,-08:00,2025-01-08T10:20:47-08:00,0,6
contact/index.html,27,html,7c95774a,ProXenon,2025-01-08,10:20:47,-08:00,2025-01-08T10:20:47-08:00,0,6
